  ------- 
  This is TDDFT-code to calculate the electron-ion dynamics within the Ehrenfest approximation and
  Suzuki-Trotter split operator scheme.
  Disclosure of this code was kindly agreed by Osamu Sugino, Yoshihide Yoshimoto, Atsushi Oshiyama,
  Kenji Shiraishi,Takashi Nakayama, and Mineo Saito.
  ------- 
  PHASE shift of pulse =    0.0000000000000000     
%%% Si(111)1x1 H-term cell %%%%                                         
  # OF COMMANDS =           23
 NO.  1  COMMAND = STND         OPERATION =                     
 NO.  2  COMMAND = KPOINT       OPERATION = MESH                
 NO.  3  COMMAND = ALAT         OPERATION = 4.4427103214141699  
 NO.  4  COMMAND = ZVAL         OPERATION = 50                  
 NO.  5  COMMAND = RCUT         OPERATION = 845                 
 NO.  6  COMMAND = GCUT         OPERATION = 12.0                
 NO.  7  COMMAND = PP           OPERATION = (KB,SOFT)           
 NO.  8  COMMAND = CD           OPERATION = FILE                
 NO.  9  COMMAND = WF           OPERATION = 32                  
 NO. 10  COMMAND = CG           OPERATION = (5,8,3)             
 NO. 11  COMMAND = SCF          OPERATION = 60                  
 NO. 12  COMMAND = EXT          OPERATION = PANDEY              
 NO. 13  COMMAND = OUTWF        OPERATION = 23                  
 NO. 14  COMMAND = METAL        OPERATION = (25,0)              
 NO. 15  COMMAND = KCONT        OPERATION = 0                   
 NO. 16  COMMAND = dt           OPERATION = 0.40                
 NO. 17  COMMAND = tstep        OPERATION = 2                   
 NO. 18  COMMAND = TMOD         OPERATION = 1                   
 NO. 19  COMMAND = SUZUKI       OPERATION = 4                   
 NO. 20  COMMAND = RMIX         OPERATION = 0.03                
 NO. 21  COMMAND = CONV         OPERATION = 1.D-5               
 NO. 22  COMMAND = MAXFN        OPERATION = 0                   
 NO. 23  COMMAND = OKSTEP       OPERATION = 0.1D0               
  ****  Standard inputs !!!! *****
  MESH SAMPLING FOR K-VECTROS
  LATTICE CONSTANT    4.4427103214141699     
  #CHARGE IS    50.000000000000000     
  RCUT**2 IS (AU)    845.00000000000000     
  GCUT2 IS    12.000000000000000     
  KLEINMAN BYLANDER PSEUDOPOTENTIAL IS USED 
  SOFT PSEUDOPOTENTIAL IS USED 
  READ CHARGE DENSITY FROM FILE20 (REAL SPACE)
  MAX # OF BAND           32
  READ PREVIOUS WAVEFUNCTION FROM FILE22 
  #CG  STEP IS            5           8           3
  #SCF STEP IS           60
  PANDEY EXTRAPOLATION SCHEME (R) IS USED 
  WRITE WF TO FILE           23
  METAL CASE: NFL NPFL =           25           0
  CONTINUATION? KCONT =             0
  Delta t =   0.40000000000000002       a.u.
  FREQUENCY OF MONITOR            1
  Fourth order Suzuki-Trotter decomposition          (Ver.2)!! 
  MIXING RATIO IS    2.9999999999999999E-002
  SCF CONVERGENCE CRITERION IS    1.0000000000000001E-005
  #G-OPT LOOP IS            0
  AT G-OPT INITIAL DISPLACEMENT IS   0.10000000000000001     
 ------------------------------------------------------------------------


  This is a load distribution for band indices.
  nrest =            0
  nbegin(           0 )=           1    nend(           0 )=          32
  The next is a load distribution for atomic sites.
  nrest =            0
  nbegin(           0 )=           1    nend(           0 )=          14
  The next is a load distribution for mesh of PP.
  nrest =            0
  nbegin(           0 )=           1    nend(           0 )=        1000
  The next is a load distribution      for double loops of atomic sites.
  nrest =            0
  nbegin(           0 )=           1    nend(           0 )=         105
                                **  MBLK =            1
                       ****  CPU TIME BFR CRYST: 2867071.2395290 SEC

 INITIAL POSITION OF ATOM IN CARTESIAN COORDINATE IN ATOMIC UNIT:
      1        0.0000000      0.0000000      2.2165260
      2        4.1886275     -0.0000000      3.6609519
      3        4.1886275     -0.0000000      8.0828717
      4       -4.1886275      0.0000000      9.5397751
      5       -4.1886275      0.0000000     13.9620769
      6        0.0000000      0.0000000     15.3850979
      7       -0.0000000      0.0000000     -2.2165260
      8       -4.1886275      0.0000000     -3.6609519
      9       -4.1886275      0.0000000     -8.0828717
     10        4.1886275     -0.0000000     -9.5397751
     11        4.1886275     -0.0000000    -13.9620769
     12        0.0000000      0.0000000    -15.3850979
     13        0.0000000      0.0000000     18.2333531
     14        0.0000000      0.0000000    -18.2333531
       ****  NTYPE =   2  NUMTY =   12  -2

 IBRAV =   0 PGIND =   0 NFL =  25 NBND =  25 NPFL =   0 NK =   0
 RCUT =     845.0000000 GCUT =      23.9981351 GCUT2 =      12.0000000
 A-VECTORS
       6.2829412      6.2829412      0.0000000
      -3.6274578      3.6274578      0.0000000
       0.0000000      0.0000000     58.2184051
 OMEGA=   2653.7234450
  Read S-matrices fron file !!
  # OF SYMMETRY OPERATIONS: NTOT =            1
  S MATRICES: OP  1ST RAW   2ND RAW   3RD RAW
         1       1  0  0    0  1  0    0  0  1
  
              SHELL NO.   1  LENGTH SQUARED     0.000  NO. OF VECTS.   1
              SHELL NO.   2  LENGTH SQUARED    52.634  NO. OF VECTS.   6
              SHELL NO.   3  LENGTH SQUARED   157.901  NO. OF VECTS.   6
              SHELL NO.   4  LENGTH SQUARED   210.535  NO. OF VECTS.   6
              SHELL NO.   5  LENGTH SQUARED   368.437  NO. OF VECTS.  12
              SHELL NO.   6  LENGTH SQUARED   473.704  NO. OF VECTS.   6
              SHELL NO.   7  LENGTH SQUARED   631.606  NO. OF VECTS.   6
              SHELL NO.   8  LENGTH SQUARED   684.239  NO. OF VECTS.  12
              SHELL NO.   9  LENGTH SQUARED   842.141  NO. OF VECTS.   6
    # OF LATTICE VECTORS: NLV =           61
 A-VECTORS
       6.2829412      6.2829412      0.0000000
      -3.6274578      3.6274578      0.0000000
       0.0000000      0.0000000     58.2184051

 B-VECTORS
       0.3535534      0.3535534     -0.0000000
      -0.6123724      0.6123724      0.0000000
       0.0000000     -0.0000000      0.0763111

 GCUT=     23.9981351 NG=   29025 NG EFFICIENT=  15197.4560547
  IMAX=           7  JMAX=           7  KMAX=          64
  SMATCHK2 finished ! 
  begin LVGENX! 
  in sub. LVGENX !!
  QFR has been BCASTed!

          **** RARR3: NEXPND =   31 IND =  0 SHOULD BE 0
                      N =  31   NO  KR1 KR2 KR3    ADR 
  R-vectors
  seq. #   # of stars     length
     1           1         0.00000D+00
         0  0  0       R-vector
  seq. #   # of stars     length
     2           2         0.52634D+02
        -1  0  0       R-vector
         1  0  0       R-vector
  seq. #   # of stars     length
     3           2         0.52634D+02
        -1  1  0       R-vector
         1 -1  0       R-vector
  seq. #   # of stars     length
     4           2         0.52634D+02
         0 -1  0       R-vector
         0  1  0       R-vector
  seq. #   # of stars     length
     5           2         0.15790D+03
        -2  1  0       R-vector
         2 -1  0       R-vector
  seq. #   # of stars     length
     6           2         0.15790D+03
        -1 -1  0       R-vector
         1  1  0       R-vector
  seq. #   # of stars     length
     7           2         0.15790D+03
        -1  2  0       R-vector
         1 -2  0       R-vector
  seq. #   # of stars     length
     8           2         0.21054D+03
        -2  0  0       R-vector
         2  0  0       R-vector
  seq. #   # of stars     length
     9           2         0.21054D+03
        -2  2  0       R-vector
         2 -2  0       R-vector
  seq. #   # of stars     length
    10           2         0.21054D+03
         0 -2  0       R-vector
         0  2  0       R-vector
  seq. #   # of stars     length
    11           2         0.36844D+03
        -3  1  0       R-vector
         3 -1  0       R-vector
  seq. #   # of stars     length
    12           2         0.36844D+03
        -3  2  0       R-vector
         3 -2  0       R-vector
  seq. #   # of stars     length
    13           2         0.36844D+03
        -2 -1  0       R-vector
         2  1  0       R-vector
  seq. #   # of stars     length
    14           2         0.36844D+03
        -2  3  0       R-vector
         2 -3  0       R-vector
  seq. #   # of stars     length
    15           2         0.36844D+03
        -1 -2  0       R-vector
         1  2  0       R-vector
  seq. #   # of stars     length
    16           2         0.36844D+03
        -1  3  0       R-vector
         1 -3  0       R-vector
  seq. #   # of stars     length
    17           2         0.47370D+03
        -3  0  0       R-vector
         3  0  0       R-vector
  seq. #   # of stars     length
    18           2         0.47370D+03
        -3  3  0       R-vector
         3 -3  0       R-vector
  seq. #   # of stars     length
    19           2         0.47370D+03
         0 -3  0       R-vector
         0  3  0       R-vector
  seq. #   # of stars     length
    20           2         0.63161D+03
        -4  2  0       R-vector
         4 -2  0       R-vector
  seq. #   # of stars     length
    21           2         0.63161D+03
        -2 -2  0       R-vector
         2  2  0       R-vector
  seq. #   # of stars     length
    22           2         0.63161D+03
        -2  4  0       R-vector
         2 -4  0       R-vector
  seq. #   # of stars     length
    23           2         0.68424D+03
        -4  1  0       R-vector
         4 -1  0       R-vector
  seq. #   # of stars     length
    24           2         0.68424D+03
        -4  3  0       R-vector
         4 -3  0       R-vector
  seq. #   # of stars     length
    25           2         0.68424D+03
        -3 -1  0       R-vector
         3  1  0       R-vector
  seq. #   # of stars     length
    26           2         0.68424D+03
        -3  4  0       R-vector
         3 -4  0       R-vector
  seq. #   # of stars     length
    27           2         0.68424D+03
        -1 -3  0       R-vector
         1  3  0       R-vector
  seq. #   # of stars     length
    28           2         0.68424D+03
        -1  4  0       R-vector
         1 -4  0       R-vector
  seq. #   # of stars     length
    29           2         0.84214D+03
        -4  0  0       R-vector
         4  0  0       R-vector
  seq. #   # of stars     length
    30           2         0.84214D+03
        -4  4  0       R-vector
         4 -4  0       R-vector
  seq. #   # of stars     length
    31           2         0.84214D+03
         0 -4  0       R-vector
         0  4  0       R-vector

          **** MESHK: N =    4
                  TOTAL NO. OF K IN WHOLE BZ =    4
                  TOTAL NO. OF K IN WEDGE    =    2
                  NO.            COORDINATES      WK  
                    1 -0.2500 -0.2500  0.0000    1.0000
                    2 -0.2500  0.2500  0.0000    1.0000
                  NO.   1 NJD =    1  JDR(1..NJD) = :
                        1
                  NO.   2 NJD =    1  JDR(1..NJD) = :
                        1
                  FOR DOS: NDX NDY NDZ =   10  10  10
  MESHK finished ! 

                      ****  CRYST: NEXPND CHANGED TO BE   2
 ***   CRYST: VECK( 1) =  -0.17678      0.00000      0.00000
 ***   CRYST: VECK( 2) =   0.00000      0.30619      0.00000
 OCC: K2 =   1
             1.0000      1.0000      1.0000      1.0000      1.0000
             1.0000      1.0000      1.0000      1.0000      1.0000
             1.0000      1.0000      1.0000      1.0000      1.0000
             1.0000      1.0000      1.0000      1.0000      1.0000
             1.0000      1.0000      1.0000      1.0000      1.0000
 OCC: K2 =   2
             1.0000      1.0000      1.0000      1.0000      1.0000
             1.0000      1.0000      1.0000      1.0000      1.0000
             1.0000      1.0000      1.0000      1.0000      1.0000
             1.0000      1.0000      1.0000      1.0000      1.0000
             1.0000      1.0000      1.0000      1.0000      1.0000
                       ****  CPU TIME AFTR CRYST: 2867071.2449750 SEC
 PLANE WAVE BASIS SET FOR K =   1  NG2=    29025
 PLANE WAVE BASIS SET FOR K =   2  NG2=    29025
   check in sub. WFREAD 
  MXBND =           32   NUMK =            2
  After reading wavefunctions 
  ik =            1
  Number of necessary bands =           32
  OCC = 
    1.000000    1.000000    1.000000    1.000000    1.000000    1.000000    1.000000
    1.000000    1.000000    1.000000    1.000000    1.000000    1.000000    1.000000
    1.000000    1.000000    1.000000    1.000000    1.000000    1.000000    1.000000
    1.000000    1.000000    1.000000    1.000000    0.000000    0.000000    0.000000
    0.000000    0.000000    0.000000    0.000000
  ik =            2
  Number of necessary bands =           32
  OCC = 
    1.000000    1.000000    1.000000    1.000000    1.000000    1.000000    1.000000
    1.000000    1.000000    1.000000    1.000000    1.000000    1.000000    1.000000
    1.000000    1.000000    1.000000    1.000000    1.000000    1.000000    1.000000
    1.000000    1.000000    1.000000    1.000000    0.000000    0.000000    0.000000
    0.000000    0.000000    0.000000    0.000000
  in sub. INITPW : mxbnd0 =           32
  after calling INITPW 
  IK NG2(IK) =            1       29025
  IK NG2(IK) =            2       29025
  preparing external potential !
  omega=   2653.7234449511984     
  vzlength =    58.218405104605623     
  Sum of Pogitive extra charge =    0.0000000000000000     
  Sum of Negative extra charge =    0.0000000000000000     
  total extra charge =    0.0000000000000000     
   Now make rho in G-space 
  Total excessive charge again =                (0.0000000000000000,0.0000000000000000)
                       ****  CPU TIME AFT INITPW: 2867071.3940160 SEC
  ATOM TYPE: NTYPE =            2
  call prenon for local potential

 PSEUDOPOTENTIAL FOR    1  -TH ATOM: ZV =      -4.00
                         COR AND RC0 =   0.27060D+01  0.93033D+00
                                        -0.17060D+01  0.57489D+00
                         NVST NVST2 MESH =     2    3 1000
  ++++ PSPOT +++++ 
  J =            1
   -0.130841   -0.130841   -0.130841   -0.130841
   -0.130841   -0.130836   -0.130622   -0.124862
   -2.166094   -0.558096
  J =            2
   -2.869600   -2.869600   -2.869600   -2.869600
   -2.869599   -2.869594   -2.869378   -2.860717
   -2.636337   -0.558096
  ++++ PSPOT2 +++++ 
  J =            1
   -0.130841   -0.130841   -0.130841   -0.130841
   -0.130841   -0.130836   -0.130622   -0.124862
   -2.166094   -0.558096
  J =            2
   -2.869600   -2.869600   -2.869600   -2.869600
   -2.869599   -2.869594   -2.869378   -2.860717
   -2.636337   -0.558096
  J =            3
   -7.558750   -7.558750   -7.558750   -7.558750
   -7.558749   -7.558744   -7.558525   -7.544462
   -4.088713   -0.558096

          *****  PRENON: ITY ZO(1) ZO(2) =   1  0.2000D+01  0.2000D+01

 PSEUDOPOTENTIAL FOR    2  -TH ATOM: ZV =      -1.00
                         COR AND RC0 =   0.50000D+00  0.66667D-01
                                         0.50000D+00  0.66667D-01
                         NVST  MESH =     1 1000

          *****  PRENON: ITY ZO(1) ZO(2) =   2  0.1000D+01  0.0000D+00
  call prenon for nonlocal potential
  ++++ PSPOT +++++ 
  J =            1
   -0.130841   -0.130841   -0.130841   -0.130841
   -0.130841   -0.130836   -0.130622   -0.124862
   -2.166094   -0.558096
  J =            2
   -2.869600   -2.869600   -2.869600   -2.869600
   -2.869599   -2.869594   -2.869378   -2.860717
   -2.636337   -0.558096
  ++++ PSPOT2 +++++ 
  J =            1
   -0.130841   -0.130841   -0.130841   -0.130841
   -0.130841   -0.130836   -0.130622   -0.124862
   -2.166094   -0.558096
  J =            2
   -2.869600   -2.869600   -2.869600   -2.869600
   -2.869599   -2.869594   -2.869378   -2.860717
   -2.636337   -0.558096
  J =            3
   -7.558750   -7.558750   -7.558750   -7.558750
   -7.558749   -7.558744   -7.558525   -7.544462
   -4.088713   -0.558096
  ++++ PSPOT in PRENON +++++ 
  J =            1
    0.000000    0.000000    0.000002    0.000014
    0.000092    0.000590    0.003775    0.024121
    0.039979    0.000000
  J =            2
    0.000000    0.000000    0.000001    0.000009
    0.000058    0.000373    0.002383    0.015227
    0.030201    0.000000
  At IK =            1 ,  Vnl needs         4981  G-vectors.
  Ratio to full FFT grids =   0.17161068044788974     
   SUM OF VNL*PSIL**2: TOTAL AND PARTITIONED FOR ITY =    1 K =   1 LI =    1:
             0.34840D+00   0.32548D+00   0.22916D-01
   VPP / VV:    0.29656D+00   0.28968D+00   0.29276D+00
   SUM OF VNL*PSIL**2: TOTAL AND PARTITIONED FOR ITY =    1 K =   1 LI =    2:
             0.13624D+00   0.98235D-01   0.38003D-01
   VPP / VV:    0.25162D+00   0.21505D+00   0.31991D+00
  Now NGNL has been redefined 
 NGNL( 1,  1)=      4981 Ratio to the full grids =     0.1716106804478897
  At IK =            2 ,  Vnl needs         4959  G-vectors.
  Ratio to full FFT grids =   0.17085271317829456     
   SUM OF VNL*PSIL**2: TOTAL AND PARTITIONED FOR ITY =    1 K =   2 LI =    1:
             0.34840D+00   0.32548D+00   0.22916D-01
   VPP / VV:    0.29656D+00   0.28968D+00   0.29276D+00
   SUM OF VNL*PSIL**2: TOTAL AND PARTITIONED FOR ITY =    1 K =   2 LI =    2:
             0.13624D+00   0.98235D-01   0.38003D-01
   VPP / VV:    0.25162D+00   0.21505D+00   0.31991D+00
  Now NGNL has been redefined 
 NGNL( 1,  2)=      4959 Ratio to the full grids =     0.1708527131782946

 PSEUDOPOTENTIAL FOR    2  -TH ATOM: ZV =      -1.00
                         COR AND RC0 =   0.50000D+00  0.66667D-01
                                         0.50000D+00  0.66667D-01
                         NVST  MESH =     1 1000
                       ****  CPU TIME AFT PRENON: 2867071.9601010 SEC
  just after PRENON!
  ik ity NGNL=           1           1        4981
  ik ity NGNL=           1           2           0
  ik ity NGNL=           2           1        4959
  ik ity NGNL=           2           2           0
  Initial Velocities 
    0.0000000000000000    0.0000000000000000    0.0000000000000000   TAU(   1)
    0.0000000000000000    0.0000000000000000    0.0000000000000000   TAU(   2)
    0.0000000000000000    0.0000000000000000    0.0000000000000000   TAU(   3)
    0.0000000000000000    0.0000000000000000    0.0000000000000000   TAU(   4)
    0.0000000000000000    0.0000000000000000    0.0000000000000000   TAU(   5)
    0.0000000000000000    0.0000000000000000    0.0000000000000000   TAU(   6)
    0.0000000000000000    0.0000000000000000    0.0000000000000000   TAU(   7)
    0.0000000000000000    0.0000000000000000    0.0000000000000000   TAU(   8)
    0.0000000000000000    0.0000000000000000    0.0000000000000000   TAU(   9)
    0.0000000000000000    0.0000000000000000    0.0000000000000000   TAU(  10)
    0.0000000000000000    0.0000000000000000    0.0000000000000000   TAU(  11)
    0.0000000000000000    0.0000000000000000    0.0000000000000000   TAU(  12)
    0.0000000000000000    0.0000000000000000    0.0000000000000000   TAU(  13)
    0.0000000000000000    0.0000000000000000    0.0000000000000000   TAU(  14)
  simulation time from the past run 
              0.0000000000000000       fsec 
     ETOT_old =    0.0000000000000000       HR
  Start time evolution 
  dt =   0.40000000000000002     
  ntstep =            2
  +++ GFAC =    5.9995337800433362     
  in sub. LOCPOT:                                             VG calculation took    4.6150004491209984E-003  sec 
  in sub. LOCPOT:                                            Reduce-Bcast took    2.7999747544527054E-005  sec
  in sub. LOCPOT:                                             VG calculation took    4.5880000106990337E-003  sec 
  in sub. LOCPOT:                                            Reduce-Bcast took    2.8000213205814362E-005  sec
  in sub. LOCPOT:                                             VG calculation took    4.5879995450377464E-003  sec 
  in sub. LOCPOT:                                            Reduce-Bcast took    2.6999972760677338E-005  sec
  in sub. LOCPOT:                                             VG calculation took    4.6049999073147774E-003  sec 
  in sub. LOCPOT:                                            Reduce-Bcast took    2.6999972760677338E-005  sec
  in sub. LOCPOT:                                             VG calculation took    4.5890002511441708E-003  sec 
  in sub. LOCPOT:                                            Reduce-Bcast took    2.7999747544527054E-005  sec
  in sub. LOCPOT:                                             VG calculation took    8.6140003986656666E-003  sec 
  in sub. LOCPOT:                                            Reduce-Bcast took    2.6999972760677338E-005  sec
  Exepctation values: end
  Exepctation values: end
                       ****  CPU TIME AFT FRPRMN: 2867072.1581260 SEC



 Time (fsec) =     0.0000000000000000

  ****  expectation values (eV) *** 
  ***  for            1 -th k-point
     -0.12026503D+02     -0.11793140D+02     -0.11452115D+02     -0.10998425D+02
     -0.10453367D+02     -0.99552728D+01     -0.75195884D+01     -0.70037619D+01
     -0.62661528D+01     -0.55793534D+01     -0.50315920D+01     -0.47959591D+01
     -0.46034900D+01     -0.43169328D+01     -0.40258358D+01     -0.36881902D+01
     -0.31695840D+01     -0.31338339D+01     -0.29657489D+01     -0.26881265D+01
     -0.25501449D+01     -0.23399996D+01     -0.19687513D+01     -0.18929730D+01
     -0.17203843D+01      0.36443806D+00      0.59388419D+00      0.86619293D+00
      0.12548785D+01      0.13361861D+01      0.16785234D+01      0.21798020D+01
  ***  for            2 -th k-point
     -0.10701532D+02     -0.10494263D+02     -0.10196757D+02     -0.98062377D+01
     -0.93368131D+01     -0.88406619D+01     -0.83794989D+01     -0.78902336D+01
     -0.74967281D+01     -0.71499903D+01     -0.68020788D+01     -0.65200906D+01
     -0.50213894D+01     -0.49193272D+01     -0.48941993D+01     -0.45935488D+01
     -0.45465374D+01     -0.45021760D+01     -0.41966191D+01     -0.40397744D+01
     -0.38429761D+01     -0.34472561D+01     -0.31944923D+01     -0.28643642D+01
     -0.24281571D+01      0.98621203D+00      0.99858252D+00      0.18450115D+01
      0.18754390D+01      0.19729744D+01      0.28163245D+01      0.29662648D+01

            ** EWALDY: IMX JMX KMX =    12   12    2
 GCUT=   5468.7500000 NG=     681 NG EFFICIENT=    150.7964630
  IMAX=          11  JMAX=          11  KMAX=           1
  ELOCAL=    0.0000000000000000     
  ELOCALd=    0.0000000000000000     
  Before ELOCAL : EH=   0.0000000000000000     
 just before do 6351 
 plot REXT!
    0.0000000000000000    0.0000000000000000
  after DO 652  EH =    231.83138494999503     
                                      *** NONLOCF: EBND =  -0.10953D+02
                       ****  ELECTF: AFTER       2867072.2509470 SEC


  ****** TOTAL ENERGY: ETOT   =    -0.4877484889D+02  HR
                                   -0.9754969778D+02  RYD

  ******                ESELF =     0.5052927104D+01  HR
  ******                 EWA  =     0.1842936419D+03  HR
  ******               ELOCAL =    -0.4853390010D+03  HR
  ******                 EXC  =    -0.1499259066D+02  HR
  ******                 EH   =     0.2318313849D+03  HR
  ******                EKINE =     0.1900479913D+02  HR
  ******                 ENL  =     0.1137398969D+02  HR


 current J(a.u.) =      0.0000000000000000      0.0000000000000000      0.0000000000000000

  ******  TOTAL FORCE: NEGATIVE  (HARTREE/AU):
                 1     -0.0005652      0.0000648      0.0011855
                 2      0.0006534     -0.0000270     -0.0004766
                 3     -0.0005012     -0.0000588     -0.0002740
                 4      0.0007919      0.0000572     -0.0001354
                 5     -0.0004116     -0.0000072      0.0008220
                 6     -0.0005141      0.0001172      0.0081455
                 7      0.0005652     -0.0000648     -0.0011855
                 8     -0.0006534      0.0000270      0.0004766
                 9      0.0005012      0.0000588      0.0002740
                10     -0.0007919     -0.0000572      0.0001354
                11      0.0004116      0.0000072     -0.0008220
                12      0.0005141     -0.0001172     -0.0081455
                13     -0.0005104      0.0001856     -0.0080978
                14      0.0005104     -0.0001856      0.0080978
  
  it =           1  ZZ=  -4.0000000000000000     
  it =           2  ZZ=  -4.0000000000000000     
  it =           3  ZZ=  -4.0000000000000000     
  it =           4  ZZ=  -4.0000000000000000     
  it =           5  ZZ=  -4.0000000000000000     
  it =           6  ZZ=  -4.0000000000000000     
  it =           7  ZZ=  -4.0000000000000000     
  it =           8  ZZ=  -4.0000000000000000     
  it =           9  ZZ=  -4.0000000000000000     
  it =          10  ZZ=  -4.0000000000000000     
  it =          11  ZZ=  -4.0000000000000000     
  it =          12  ZZ=  -4.0000000000000000     
  it =          13  ZZ=  -1.0000000000000000     
  it =          14  ZZ=  -1.0000000000000000     
  force by Ext-field
  tau =            1
   -0.0020651266617709   -0.0000000000000000   -0.0000000000000000
  tau =            2
   -0.0020651266617709   -0.0000000000000000   -0.0000000000000000
  tau =            3
   -0.0020651266617709   -0.0000000000000000   -0.0000000000000000
  tau =            4
   -0.0020651266617709   -0.0000000000000000   -0.0000000000000000
  tau =            5
   -0.0020651266617709   -0.0000000000000000   -0.0000000000000000
  tau =            6
   -0.0020651266617709   -0.0000000000000000   -0.0000000000000000
  tau =            7
   -0.0020651266617709   -0.0000000000000000   -0.0000000000000000
  tau =            8
   -0.0020651266617709   -0.0000000000000000   -0.0000000000000000
  tau =            9
   -0.0020651266617709   -0.0000000000000000   -0.0000000000000000
  tau =           10
   -0.0020651266617709   -0.0000000000000000   -0.0000000000000000
  tau =           11
   -0.0020651266617709   -0.0000000000000000   -0.0000000000000000
  tau =           12
   -0.0020651266617709   -0.0000000000000000   -0.0000000000000000
  tau =           13
   -0.0005162816654427   -0.0000000000000000   -0.0000000000000000
  tau =           14
   -0.0005162816654427   -0.0000000000000000   -0.0000000000000000
  E-field
   -0.0265371724395471   -0.0000000000000000   -0.0000000000000000
  A-vector
    0.0000000000000000    0.0000000000000000    0.0000000000000000
  Total energy for electron and nuclei (HR)
 Eelec       =  -0.487748488903D+02
 Enucl       =   0.000000000000D+00
 Eext        =   0.000000000000D+00
 Eelec+Enucl-Eext-Ework=  -0.487748488903D+02
 Time (fsec) =     0.0000000000000000
  Positions 
    0.0000000000000000    0.0000000000000000    0.0380725996019826   TAU(   1)
    0.3333333333333333    0.3333333333333333    0.0628830683197726   TAU(   2)
    0.3333333333333333    0.3333333333333333    0.1388370510257218   TAU(   3)
   -0.3333333333333333   -0.3333333333333333    0.1638618412213989   TAU(   4)
   -0.3333333333333333   -0.3333333333333333    0.2398223878715089   TAU(   5)
    0.0000000000000000    0.0000000000000000    0.2642651909875856   TAU(   6)
   -0.0000000000000000    0.0000000000000000   -0.0380725996019826   TAU(   7)
   -0.3333333333333333   -0.3333333333333333   -0.0628830683197726   TAU(   8)
   -0.3333333333333333   -0.3333333333333333   -0.1388370510257218   TAU(   9)
    0.3333333333333333    0.3333333333333333   -0.1638618412213989   TAU(  10)
    0.3333333333333333    0.3333333333333333   -0.2398223878715089   TAU(  11)
    0.0000000000000000    0.0000000000000000   -0.2642651909875856   TAU(  12)
    0.0000000000000000    0.0000000000000000    0.3131888120278811   TAU(  13)
    0.0000000000000000    0.0000000000000000   -0.3131888120278811   TAU(  14)
  Velocities
    0.0000000000000000    0.0000000000000000    0.0000000000000000   TAU(   1)
    0.0000000000000000    0.0000000000000000    0.0000000000000000   TAU(   2)
    0.0000000000000000    0.0000000000000000    0.0000000000000000   TAU(   3)
    0.0000000000000000    0.0000000000000000    0.0000000000000000   TAU(   4)
    0.0000000000000000    0.0000000000000000    0.0000000000000000   TAU(   5)
    0.0000000000000000    0.0000000000000000    0.0000000000000000   TAU(   6)
    0.0000000000000000    0.0000000000000000    0.0000000000000000   TAU(   7)
    0.0000000000000000    0.0000000000000000    0.0000000000000000   TAU(   8)
    0.0000000000000000    0.0000000000000000    0.0000000000000000   TAU(   9)
    0.0000000000000000    0.0000000000000000    0.0000000000000000   TAU(  10)
    0.0000000000000000    0.0000000000000000    0.0000000000000000   TAU(  11)
    0.0000000000000000    0.0000000000000000    0.0000000000000000   TAU(  12)
    0.0000000000000000    0.0000000000000000    0.0000000000000000   TAU(  13)
    0.0000000000000000    0.0000000000000000    0.0000000000000000   TAU(  14)
  AllGatherv took    0.0000000000000000       sec
  AllGatherv took    0.0000000000000000       sec
  MPI_ALLReduce for total charge took    1.0000076144933701E-005  sec
  MPI_ALLReduce for total charge took    9.0003013610839844E-006  sec
  AllGatherv took    0.0000000000000000       sec
  AllGatherv took    0.0000000000000000       sec
  MPI_ALLReduce for total charge took    1.0000076144933701E-005  sec
  MPI_ALLReduce for total charge took    8.0000609159469604E-006  sec
  itstep=           1  iscf=           3  Convergence=   6.0864071852535720E-005
  AllGatherv took    0.0000000000000000       sec
  AllGatherv took    0.0000000000000000       sec
  MPI_ALLReduce for total charge took    1.0000076144933701E-005  sec
  MPI_ALLReduce for total charge took    7.9995952546596527E-006  sec
  itstep=           1  iscf=           4  Convergence=   1.8321731012723044E-005
  AllGatherv took    0.0000000000000000       sec
  AllGatherv took    0.0000000000000000       sec
  MPI_ALLReduce for total charge took    1.0000076144933701E-005  sec
  MPI_ALLReduce for total charge took    8.0000609159469604E-006  sec
  itstep=           1  iscf=           5  Convergence=   2.1981291367114666E-006
                       ****  CPU TIME AFT FRPRMN: 2867077.1507920 SEC



 Time (fsec) =     0.0096800000000000

  ****  expectation values (eV) *** 
  ***  for            1 -th k-point
     -0.11936092D+02     -0.11729968D+02     -0.11393858D+02     -0.10941354D+02
     -0.10395913D+02     -0.98745413D+01     -0.74538138D+01     -0.69675249D+01
     -0.62147252D+01     -0.55136671D+01     -0.49672833D+01     -0.47125572D+01
     -0.45538554D+01     -0.42488963D+01     -0.39756609D+01     -0.36391622D+01
     -0.30787864D+01     -0.30727570D+01     -0.29013786D+01     -0.26295290D+01
     -0.24921673D+01     -0.22829214D+01     -0.19120100D+01     -0.18148971D+01
     -0.16369118D+01      0.44616757D+00      0.66224504D+00      0.92026509D+00
      0.13111416D+01      0.14079574D+01      0.17500148D+01      0.22575606D+01
  ***  for            2 -th k-point
     -0.10609267D+02     -0.10428661D+02     -0.10135836D+02     -0.97458578D+01
     -0.92756186D+01     -0.87757216D+01     -0.83122490D+01     -0.78254705D+01
     -0.74285958D+01     -0.70819827D+01     -0.67359271D+01     -0.64337028D+01
     -0.49684321D+01     -0.48913342D+01     -0.48211838D+01     -0.45485321D+01
     -0.44873223D+01     -0.44247955D+01     -0.41435446D+01     -0.39944848D+01
     -0.37947334D+01     -0.33832972D+01     -0.31246796D+01     -0.28026583D+01
     -0.23473488D+01      0.10616856D+01      0.10745809D+01      0.18897494D+01
      0.19209235D+01      0.20501021D+01      0.28644368D+01      0.30104599D+01

            ** EWALDY: IMX JMX KMX =    12   12    2
 GCUT=   5468.7500000 NG=     681 NG EFFICIENT=    150.7964630
  IMAX=          11  JMAX=          11  KMAX=           1
                                      *** NONLOCF: EBND =  -0.10836D+02
                       ****  ELECTF: AFTER       2867077.2426680 SEC


  ****** TOTAL ENERGY: ETOT   =    -0.4877438811D+02  HR
                                   -0.9754877622D+02  RYD

  ******                ESELF =     0.5052927104D+01  HR
  ******                 EWA  =     0.1842936402D+03  HR
  ******               ELOCAL =    -0.4862363842D+03  HR
  ******                 EXC  =    -0.1496844731D+02  HR
  ******                 EH   =     0.2318391178D+03  HR
  ******                EKINE =     0.1947422655D+02  HR
  ******                 ENL  =     0.1177053163D+02  HR


 current J(a.u.) =      0.0000000000000000      0.0000000000000000      0.0000000000000000

  ******  TOTAL FORCE: NEGATIVE  (HARTREE/AU):
                 1      0.0001962      0.0005428      0.0015718
                 2      0.0002076      0.0004460     -0.0004555
                 3      0.0003589      0.0003910      0.0000360
                 4      0.0003398      0.0005450     -0.0001130
                 5      0.0002687      0.0005851      0.0019398
                 6     -0.0009284      0.0005680      0.0082609
                 7      0.0001173      0.0004207     -0.0012226
                 8      0.0001032      0.0005019      0.0008131
                 9      0.0001426      0.0005074      0.0002558
                10     -0.0000600      0.0004312      0.0004204
                11     -0.0000465      0.0005989     -0.0014885
                12      0.0013805      0.0003422     -0.0081275
                13     -0.0003509      0.0001272     -0.0081373
                14      0.0005747     -0.0002296      0.0081080
  
  force by Ext-field
  tau =            1
   -0.0021332160309370   -0.0000000000000000   -0.0000000000000000
  tau =            2
   -0.0021332160309370   -0.0000000000000000   -0.0000000000000000
  tau =            3
   -0.0021332160309370   -0.0000000000000000   -0.0000000000000000
  tau =            4
   -0.0021332160309370   -0.0000000000000000   -0.0000000000000000
  tau =            5
   -0.0021332160309370   -0.0000000000000000   -0.0000000000000000
  tau =            6
   -0.0021332160309370   -0.0000000000000000   -0.0000000000000000
  tau =            7
   -0.0021332160309370   -0.0000000000000000   -0.0000000000000000
  tau =            8
   -0.0021332160309370   -0.0000000000000000   -0.0000000000000000
  tau =            9
   -0.0021332160309370   -0.0000000000000000   -0.0000000000000000
  tau =           10
   -0.0021332160309370   -0.0000000000000000   -0.0000000000000000
  tau =           11
   -0.0021332160309370   -0.0000000000000000   -0.0000000000000000
  tau =           12
   -0.0021332160309370   -0.0000000000000000   -0.0000000000000000
  tau =           13
   -0.0005333040077343   -0.0000000000000000   -0.0000000000000000
  tau =           14
   -0.0005333040077343   -0.0000000000000000   -0.0000000000000000
  E-field
   -0.0274121305543739   -0.0000000000000000   -0.0000000000000000
  A-vector
   -0.0001508352915777    0.0000000000000000    0.0000000000000000
  Total energy for electron and nuclei (HR)
 Eelec       =  -0.487743881094D+02
 Enucl       =   0.609701980460D-08
 Eext        =   0.000000000000D+00
 Eelec+Enucl-Eext-Ework=  -0.487750214912D+02
 Time (fsec) =     0.0096800000000000
  Positions 
   -0.0000000001713229   -0.0000000001990258    0.0380725995703935   TAU(   1)
    0.3333333329919410    0.3333333330034997    0.0628830683324719   TAU(   2)
    0.3333333331276805    0.3333333331528467    0.1388370510330240   TAU(   3)
   -0.3333333336738090   -0.3333333336982904    0.1638618412250065   TAU(   4)
   -0.3333333335390055   -0.3333333335359295    0.2398223878496067   TAU(   5)
   -0.0000000001664206   -0.0000000002165368    0.2642651907705367   TAU(   6)
   -0.0000000003385747   -0.0000000003108719   -0.0380725995703935   TAU(   7)
   -0.3333333335018386   -0.3333333335133973   -0.0628830683324719   TAU(   8)
   -0.3333333336375782   -0.3333333336627444   -0.1388370510330240   TAU(   9)
    0.3333333331639113    0.3333333331883928   -0.1638618412250065   TAU(  10)
    0.3333333330291078    0.3333333330260319   -0.2398223878496067   TAU(  11)
   -0.0000000003434771   -0.0000000002933609   -0.2642651907705367   TAU(  12)
    0.0000000010943711   -0.0000000011351737    0.3131888180881118   TAU(  13)
   -0.0000000046745538   -0.0000000024450089   -0.3131888180881118   TAU(  14)
  Velocities
   -0.0000000148512419   -0.0000000023565300   -0.0000000106935074   TAU(   1)
   -0.0000000196215700   -0.0000000016249563    0.0000000036150247   TAU(   2)
   -0.0000000157304489   -0.0000000012882723    0.0000000009230738   TAU(   3)
   -0.0000000206714647   -0.0000000023354900    0.0000000009633773   TAU(   4)
   -0.0000000157282321   -0.0000000022412064   -0.0000000107107534   TAU(   5)
   -0.0000000106879855   -0.0000000026575314   -0.0000000636285472   TAU(   6)
   -0.0000000189294141   -0.0000000013802069    0.0000000093394396   TAU(   7)
   -0.0000000141484067   -0.0000000020514812   -0.0000000050019498   TAU(   8)
   -0.0000000187793262   -0.0000000021959898   -0.0000000020550611   TAU(   9)
   -0.0000000129783724   -0.0000000014504149   -0.0000000021553875   TAU(  10)
   -0.0000000176984106   -0.0000000023505277    0.0000000089607736   TAU(  11)
   -0.0000000236302011   -0.0000000008728150    0.0000000631111539   TAU(  12)
   -0.0000000205055126   -0.0000000340708660    0.0000017683834838   TAU(  13)
   -0.0000002325156706    0.0000000452265601   -0.0000017651936296   TAU(  14)
  Exepctation values: end
  Exepctation values: end
  Exepctation values: end
  Exepctation values: end
  itstep=           2  iscf=           3  Convergence=   6.5130214359248179E-003
  Exepctation values: end
  Exepctation values: end
  itstep=           2  iscf=           4  Convergence=   7.4159171608166065E-004
  Exepctation values: end
  Exepctation values: end
  itstep=           2  iscf=           5  Convergence=   8.5573566289241684E-005
  Exepctation values: end
  Exepctation values: end
  itstep=           2  iscf=           6  Convergence=   9.8875511905024627E-006
 Off-diagonal elements at the   1-th k-point
  Now calling HLOCAL and NONLOC
  Exepctation values: end
  call HLOCAL and NONLOC for Off-diagonal
  Off-diagonal elements: computed!
  Now before do 2200 - for Off-diagonal
  Now after do 2200-2201 
<   2| H |   1>=      0.0000219814643240     -0.0000262697845421 HR 
<   3| H |   1>=      0.0000109160077144      0.0000202640983090 HR 
<   4| H |   1>=      0.0000047438009160      0.0000138312594895 HR 
<   5| H |   1>=     -0.0000546661095912     -0.0000173327062433 HR 
<   6| H |   1>=     -0.0000060856317879      0.0000170959221944 HR 
<   7| H |   1>=     -0.0000497334341837     -0.0000092001430281 HR 
<   8| H |   1>=     -0.0000015897805159      0.0000154938370451 HR 
<   9| H |   1>=     -0.0000794543346431      0.0000120417533055 HR 
<  10| H |   1>=     -0.0000295753001693      0.0000040081221692 HR 
<  11| H |   1>=      0.0000935810629820      0.0003104764307364 HR 
<  12| H |   1>=      0.0000733736236632      0.0002309919922546 HR 
<  13| H |   1>=     -0.0001938085247802     -0.0003689054604842 HR 
<  14| H |   1>=      0.0002549555425801      0.0005497414749761 HR 
<  15| H |   1>=      0.0000286155340780      0.0000381709718641 HR 
<  16| H |   1>=      0.0000382678823188      0.0001850878852480 HR 
<  17| H |   1>=     -0.0000009896704353     -0.0000023139605724 HR 
<  18| H |   1>=     -0.0000963531936491     -0.0000808828152575 HR 
<  19| H |   1>=     -0.0000023256367570      0.0000045344466286 HR 
<  20| H |   1>=     -0.0000033630545544      0.0000089027666436 HR 
<  21| H |   1>=      0.0000853270843199      0.0002952983568970 HR 
<  22| H |   1>=      0.0000074699799251     -0.0000207132797317 HR 
<  23| H |   1>=     -0.0000078135697322      0.0000255621098145 HR 
<  24| H |   1>=      0.0000568199762350      0.0002166090870338 HR 
<  25| H |   1>=     -0.0000059261577413      0.0000147288143832 HR 
<  26| H |   1>=     -0.0000450059841060     -0.0001877814726930 HR 
<  27| H |   1>=     -0.0000185609142767     -0.0002524188742882 HR 
<  28| H |   1>=      0.0000070150714521      0.0004280775039117 HR 
<  29| H |   1>=     -0.0000791964746625      0.0007275575424859 HR 
<  30| H |   1>=     -0.0002105612900130      0.0004890714254297 HR 
<  31| H |   1>=      0.0000077637128338      0.0001903870331340 HR 
<  32| H |   1>=      0.0000052889114849     -0.0000013275500626 HR 
<   3| H |   2>=      0.0000118709393517      0.0000802452813305 HR 
<   4| H |   2>=     -0.0000457096944250      0.0000076902816656 HR 
<   5| H |   2>=      0.0000142846088339     -0.0000058831854024 HR 
<   6| H |   2>=     -0.0000803733478624     -0.0000344369983149 HR 
<   7| H |   2>=      0.0000031050412287     -0.0000197652318450 HR 
<   8| H |   2>=     -0.0001849005032604     -0.0000467495871241 HR 
<   9| H |   2>=     -0.0000363566006427     -0.0000435205036063 HR 
<  10| H |   2>=      0.0000624897825459     -0.0001989007340385 HR 
<  11| H |   2>=     -0.0003102053478498     -0.0005426276125307 HR 
<  12| H |   2>=     -0.0001146198613318     -0.0001793160060706 HR 
<  13| H |   2>=      0.0000646648129955      0.0002207803932547 HR 
<  14| H |   2>=      0.0000127257805449      0.0000020815619140 HR 
<  15| H |   2>=     -0.0000563243505834      0.0000154019544521 HR 
<  16| H |   2>=      0.0002216811954228      0.0003110744000188 HR 
<  17| H |   2>=     -0.0000021407885348      0.0000066148335449 HR 
<  18| H |   2>=      0.0000057764518685      0.0001773361816610 HR 
<  19| H |   2>=     -0.0000035213210508      0.0000105227633715 HR 
<  20| H |   2>=     -0.0000054449906127      0.0000178045200018 HR 
<  21| H |   2>=      0.0001603035789999     -0.0000142747466123 HR 
<  22| H |   2>=      0.0000055526005562     -0.0000199559811587 HR 
<  23| H |   2>=     -0.0000007235678601      0.0000002846154019 HR 
<  24| H |   2>=     -0.0000550581682397      0.0001647859871890 HR 
<  25| H |   2>=      0.0000052131397701     -0.0000182742357966 HR 
<  26| H |   2>=     -0.0000467963122760     -0.0007622536714369 HR 
<  27| H |   2>=      0.0000075032074116     -0.0005436542444617 HR 
<  28| H |   2>=      0.0000064204103899      0.0005828379514972 HR 
<  29| H |   2>=      0.0000610165326678      0.0002201778849827 HR 
<  30| H |   2>=      0.0001522846449262     -0.0004567950372056 HR 
<  31| H |   2>=     -0.0001104592815177      0.0001339144504537 HR 
<  32| H |   2>=      0.0000319395278322      0.0000293305051935 HR 
<   4| H |   3>=      0.0000127764792762     -0.0000128838513435 HR 
<   5| H |   3>=     -0.0001370398704072     -0.0000603080940211 HR 
<   6| H |   3>=     -0.0000035436144308      0.0000107591034485 HR 
<   7| H |   3>=     -0.0002283312584262     -0.0000768896595847 HR 
<   8| H |   3>=      0.0000082962405855      0.0000533474663508 HR 
<   9| H |   3>=     -0.0003031701631924     -0.0000423659118403 HR 
<  10| H |   3>=     -0.0002622152083121     -0.0004496097931667 HR 
<  11| H |   3>=     -0.0001795819623702     -0.0002625286478452 HR 
<  12| H |   3>=     -0.0000530289646978     -0.0000195095340526 HR 
<  13| H |   3>=     -0.0002181877712691     -0.0001867833698215 HR 
<  14| H |   3>=      0.0001258097094276      0.0001010995758991 HR 
<  15| H |   3>=     -0.0000627926359496     -0.0003050374531177 HR 
<  16| H |   3>=     -0.0001334109081513      0.0001308216767829 HR 
<  17| H |   3>=      0.0000004837914985     -0.0000050071576961 HR 
<  18| H |   3>=     -0.0002255192057989      0.0003583870086316 HR 
<  19| H |   3>=      0.0000054633207271     -0.0000187366641434 HR 
<  20| H |   3>=      0.0000054546339822     -0.0000198722318184 HR 
<  21| H |   3>=      0.0000693160190801     -0.0001613262726353 HR 
<  22| H |   3>=     -0.0000025677340852      0.0000033826835407 HR 
<  23| H |   3>=     -0.0000029833035612      0.0000137955988446 HR 
<  24| H |   3>=      0.0001400472710417      0.0001535781585456 HR 
<  25| H |   3>=      0.0000015524540793     -0.0000042770278121 HR 
<  26| H |   3>=      0.0001119000900934      0.0011418843310251 HR 
<  27| H |   3>=      0.0001002046160848      0.0002850242025589 HR 
<  28| H |   3>=     -0.0001369700815236     -0.0000480983962185 HR 
<  29| H |   3>=     -0.0001156440743692      0.0001883434423461 HR 
<  30| H |   3>=     -0.0000526715108717     -0.0001728390116750 HR 
<  31| H |   3>=     -0.0000763369835059      0.0002834580134452 HR 
<  32| H |   3>=      0.0000181629504527      0.0001300901255655 HR 
<   5| H |   4>=     -0.0000071503553589      0.0000214998862794 HR 
<   6| H |   4>=     -0.0001415789787805     -0.0000814415092597 HR 
<   7| H |   4>=      0.0000101093670314     -0.0000220333871330 HR 
<   8| H |   4>=     -0.0004725962461075     -0.0002309810421665 HR 
<   9| H |   4>=     -0.0001141757097500     -0.0002517955892181 HR 
<  10| H |   4>=      0.0003490495781531      0.0001688157943910 HR 
<  11| H |   4>=     -0.0002516287338576      0.0000083186341824 HR 
<  12| H |   4>=     -0.0000514924215904      0.0002230700743464 HR 
<  13| H |   4>=      0.0000624003204570      0.0004476554743842 HR 
<  14| H |   4>=      0.0000485447798538      0.0001381422311536 HR 
<  15| H |   4>=     -0.0001706188874411      0.0002464522513124 HR 
<  16| H |   4>=      0.0002551204215260     -0.0004403360229162 HR 
<  17| H |   4>=      0.0000066914234384     -0.0000219981077349 HR 
<  18| H |   4>=     -0.0000428420225381      0.0000854288170272 HR 
<  19| H |   4>=      0.0000055683303996     -0.0000216816299247 HR 
<  20| H |   4>=      0.0000023573223631     -0.0000030682819281 HR 
<  21| H |   4>=      0.0003300126727031      0.0002330953261479 HR 
<  22| H |   4>=      0.0000026929232104     -0.0000121817442099 HR 
<  23| H |   4>=     -0.0000015452847616      0.0000015909489503 HR 
<  24| H |   4>=     -0.0001561843578172     -0.0000107161064441 HR 
<  25| H |   4>=      0.0000007329711262     -0.0000042140691207 HR 
<  26| H |   4>=      0.0002329958163482      0.0009136619825929 HR 
<  27| H |   4>=      0.0001113783682699     -0.0003784522683036 HR 
<  28| H |   4>=     -0.0000411867870724      0.0003573104309402 HR 
<  29| H |   4>=      0.0000796991664216      0.0001627368709742 HR 
<  30| H |   4>=      0.0000134328457091     -0.0001242174794822 HR 
<  31| H |   4>=      0.0000599982244677      0.0000021609115337 HR 
<  32| H |   4>=      0.0001045455863339      0.0003179471622520 HR 
<   6| H |   5>=      0.0000332120608106     -0.0000040971799736 HR 
<   7| H |   5>=     -0.0003672359905211     -0.0002162792767581 HR 
<   8| H |   5>=      0.0000560608498279      0.0001593954548712 HR 
<   9| H |   5>=     -0.0004484946989360      0.0001506603446789 HR 
<  10| H |   5>=     -0.0001530784961005      0.0001386349600860 HR 
<  11| H |   5>=     -0.0002182949901585     -0.0002294232620041 HR 
<  12| H |   5>=     -0.0000300970526789      0.0004677800923773 HR 
<  13| H |   5>=     -0.0002534783489950      0.0002747919839809 HR 
<  14| H |   5>=      0.0001731492089524     -0.0000310308955935 HR 
<  15| H |   5>=     -0.0000006283034729      0.0003388411826991 HR 
<  16| H |   5>=     -0.0002385071265398      0.0001571662719592 HR 
<  17| H |   5>=     -0.0000131612792875      0.0000271101338304 HR 
<  18| H |   5>=     -0.0004438421246178     -0.0002324850561074 HR 
<  19| H |   5>=     -0.0000008512975602     -0.0000002892326537 HR 
<  20| H |   5>=      0.0000027365872233     -0.0000141774015984 HR 
<  21| H |   5>=      0.0001118956669886     -0.0000350199959313 HR 
<  22| H |   5>=     -0.0000014499788605      0.0000022659091851 HR 
<  23| H |   5>=     -0.0000012643984318      0.0000063371475796 HR 
<  24| H |   5>=      0.0001887789028086      0.0001051949204706 HR 
<  25| H |   5>=     -0.0000021658821613      0.0000031084659015 HR 
<  26| H |   5>=     -0.0000930130969553     -0.0002952761695432 HR 
<  27| H |   5>=      0.0001153536798017      0.0008010661591598 HR 
<  28| H |   5>=     -0.0002230375501469     -0.0002179227016077 HR 
<  29| H |   5>=     -0.0001722692593577      0.0000606661981250 HR 
<  30| H |   5>=     -0.0001157634273109     -0.0000213711519360 HR 
<  31| H |   5>=      0.0000689461639345      0.0002135900752738 HR 
<  32| H |   5>=     -0.0001449149349281     -0.0002197906987619 HR 
<   7| H |   6>=     -0.0000083039987830     -0.0000691689415804 HR 
<   8| H |   6>=     -0.0002976916418189      0.0002730487875031 HR 
<   9| H |   6>=     -0.0000407081558482      0.0000174419788231 HR 
<  10| H |   6>=      0.0003064357674594      0.0000059696381429 HR 
<  11| H |   6>=     -0.0002040655705457      0.0002053586446561 HR 
<  12| H |   6>=     -0.0002045693672760     -0.0004038453813389 HR 
<  13| H |   6>=     -0.0000269056267231     -0.0001437595958778 HR 
<  14| H |   6>=      0.0000557945206704     -0.0001905631245727 HR 
<  15| H |   6>=     -0.0001983721862371      0.0001403415526906 HR 
<  16| H |   6>=      0.0002726194801831      0.0000847063313862 HR 
<  17| H |   6>=     -0.0000073604407221      0.0000187465484942 HR 
<  18| H |   6>=     -0.0000888220542953     -0.0000514709576366 HR 
<  19| H |   6>=      0.0000046956244399     -0.0000207569184387 HR 
<  20| H |   6>=     -0.0000009940950247      0.0000033976354437 HR 
<  21| H |   6>=      0.0002823556447146      0.0001421876630127 HR 
<  22| H |   6>=      0.0000011410745385     -0.0000060778383863 HR 
<  23| H |   6>=     -0.0000022856526018      0.0000031071416843 HR 
<  24| H |   6>=     -0.0001276716695833     -0.0000095235104721 HR 
<  25| H |   6>=      0.0000006532042760     -0.0000020825930262 HR 
<  26| H |   6>=      0.0001213118402147      0.0001020562000401 HR 
<  27| H |   6>=      0.0001018679910845      0.0005356017474075 HR 
<  28| H |   6>=     -0.0000369478860153      0.0003725299566277 HR 
<  29| H |   6>=      0.0000324345448501      0.0001261285827698 HR 
<  30| H |   6>=     -0.0000036660779207     -0.0000977990023475 HR 
<  31| H |   6>=     -0.0000068998686270     -0.0000173270757546 HR 
<  32| H |   6>=      0.0000291317541313     -0.0000074076746560 HR 
<   8| H |   7>=      0.0000399096115223     -0.0000151096944542 HR 
<   9| H |   7>=     -0.0009169477640991     -0.0000989373424995 HR 
<  10| H |   7>=     -0.0003601558571398     -0.0000268187104520 HR 
<  11| H |   7>=     -0.0003335687002457      0.0002637244975171 HR 
<  12| H |   7>=     -0.0001545316892511     -0.0007785549564042 HR 
<  13| H |   7>=     -0.0005782634937228      0.0004437805625622 HR 
<  14| H |   7>=      0.0002355791854263      0.0004300815698080 HR 
<  15| H |   7>=      0.0000041093466204      0.0000441517979923 HR 
<  16| H |   7>=     -0.0004532814154753      0.0000004348132642 HR 
<  17| H |   7>=     -0.0000048786171642     -0.0000255320601149 HR 
<  18| H |   7>=     -0.0007750131679919     -0.0001900315556284 HR 
<  19| H |   7>=     -0.0000087007691188      0.0000403299834154 HR 
<  20| H |   7>=      0.0000055449117379     -0.0000303128540512 HR 
<  21| H |   7>=      0.0002307040842751     -0.0000511587687941 HR 
<  22| H |   7>=     -0.0000003264554643     -0.0000033767428067 HR 
<  23| H |   7>=     -0.0000011818651877      0.0000094329899177 HR 
<  24| H |   7>=      0.0003334231209376      0.0000926473776789 HR 
<  25| H |   7>=     -0.0000001388346355      0.0000002659383432 HR 
<  26| H |   7>=     -0.0001280658706882     -0.0001102716238470 HR 
<  27| H |   7>=      0.0002175912314377     -0.0003904368998927 HR 
<  28| H |   7>=     -0.0001505396242165     -0.0010906286895964 HR 
<  29| H |   7>=     -0.0003704577125441      0.0002728561671941 HR 
<  30| H |   7>=     -0.0002262970833048     -0.0000600991204079 HR 
<  31| H |   7>=      0.0000930966482223      0.0002547538195729 HR 
<  32| H |   7>=     -0.0001493285320205     -0.0000228906323162 HR 
<   9| H |   8>=     -0.0002302727113548     -0.0000913632197512 HR 
<  10| H |   8>=      0.0010345632197300      0.0000485870816596 HR 
<  11| H |   8>=     -0.0009074685052817      0.0001029635025967 HR 
<  12| H |   8>=     -0.0002168160370450     -0.0002431245588125 HR 
<  13| H |   8>=     -0.0000831184749196     -0.0003740985280358 HR 
<  14| H |   8>=      0.0001402364262476     -0.0004951861225338 HR 
<  15| H |   8>=     -0.0007022682929730      0.0003275527768506 HR 
<  16| H |   8>=      0.0009042496888513      0.0002256910359471 HR 
<  17| H |   8>=     -0.0000074756914825      0.0000234871310091 HR 
<  18| H |   8>=     -0.0002356229869707     -0.0000987333133518 HR 
<  19| H |   8>=     -0.0000001291867696      0.0000010805579998 HR 
<  20| H |   8>=      0.0000071485133000     -0.0000320899069014 HR 
<  21| H |   8>=      0.0009321518616494      0.0002185405556912 HR 
<  22| H |   8>=      0.0000055008512300     -0.0000317013601280 HR 
<  23| H |   8>=     -0.0000004653396053     -0.0000037495740575 HR 
<  24| H |   8>=     -0.0004746747820559      0.0000143311872801 HR 
<  25| H |   8>=      0.0000009799590507     -0.0000080796850511 HR 
<  26| H |   8>=      0.0003754728454770      0.0000927390188545 HR 
<  27| H |   8>=      0.0003098182803992      0.0006276938504133 HR 
<  28| H |   8>=     -0.0000608027726569     -0.0001531094896302 HR 
<  29| H |   8>=     -0.0000053249195027      0.0008173073520690 HR 
<  30| H |   8>=      0.0000857651152903     -0.0004492992596795 HR 
<  31| H |   8>=     -0.0000073057865326     -0.0001175879777458 HR 
<  32| H |   8>=      0.0001301199790310      0.0000413424251835 HR 
<  10| H |   9>=     -0.0005590927645564     -0.0002074461725911 HR 
<  11| H |   9>=     -0.0004684713777374      0.0000882921357462 HR 
<  12| H |   9>=     -0.0003667569327702     -0.0000880610655962 HR 
<  13| H |   9>=     -0.0009038541849259      0.0000002996556895 HR 
<  14| H |   9>=      0.0003758975188294     -0.0001420585873336 HR 
<  15| H |   9>=     -0.0000901572265385      0.0003013366888376 HR 
<  16| H |   9>=     -0.0005871492054240      0.0003216805800412 HR 
<  17| H |   9>=     -0.0000180572126992      0.0000208288506722 HR 
<  18| H |   9>=     -0.0011694454230111     -0.0002294052482423 HR 
<  19| H |   9>=     -0.0000018948149251      0.0000038817792489 HR 
<  20| H |   9>=     -0.0000012627252973      0.0000085351718648 HR 
<  21| H |   9>=      0.0004379293739458     -0.0000880117810609 HR 
<  22| H |   9>=     -0.0000057985512586      0.0000335332905525 HR 
<  23| H |   9>=     -0.0000043516694874      0.0000314578579459 HR 
<  24| H |   9>=      0.0004782337585062      0.0000995933347097 HR 
<  25| H |   9>=      0.0000002096555495     -0.0000057224013736 HR 
<  26| H |   9>=     -0.0001462303752011     -0.0002297771517264 HR 
<  27| H |   9>=      0.0002441868882136      0.0004349019315004 HR 
<  28| H |   9>=     -0.0004812360652882     -0.0002381151963923 HR 
<  29| H |   9>=     -0.0002712009627451     -0.0003065495350620 HR 
<  30| H |   9>=     -0.0005183162637747      0.0002948686228145 HR 
<  31| H |   9>=     -0.0000506383226827      0.0008095568888280 HR 
<  32| H |   9>=     -0.0001063264460893      0.0002678389391938 HR 
<  11| H |  10>=      0.0006061059827382      0.0002766686213467 HR 
<  12| H |  10>=      0.0001455020579558      0.0003017437997702 HR 
<  13| H |  10>=     -0.0001054225967986      0.0005365363813900 HR 
<  14| H |  10>=      0.0000480749105461      0.0000874540453889 HR 
<  15| H |  10>=      0.0005558924481240      0.0003158056564054 HR 
<  16| H |  10>=     -0.0009824110561876      0.0000105357758939 HR 
<  17| H |  10>=     -0.0000048327168485      0.0000158404945958 HR 
<  18| H |  10>=     -0.0002485775143243     -0.0002955549032995 HR 
<  19| H |  10>=     -0.0000019874180973      0.0000124577872519 HR 
<  20| H |  10>=     -0.0000003535024777      0.0000029011763097 HR 
<  21| H |  10>=     -0.0006208550055803     -0.0000453219011557 HR 
<  22| H |  10>=      0.0000007780744281     -0.0000083921987527 HR 
<  23| H |  10>=      0.0000060886792897     -0.0000317869551114 HR 
<  24| H |  10>=      0.0005936840550571     -0.0000211269118289 HR 
<  25| H |  10>=     -0.0000045505072465      0.0000326183227199 HR 
<  26| H |  10>=     -0.0003418727254546     -0.0002867661270095 HR 
<  27| H |  10>=     -0.0002040955196168      0.0000871449877518 HR 
<  28| H |  10>=     -0.0000628075036902     -0.0001206007749261 HR 
<  29| H |  10>=     -0.0002894396577352     -0.0001069325885564 HR 
<  30| H |  10>=     -0.0002138695416227      0.0003061024047939 HR 
<  31| H |  10>=      0.0003635188539006     -0.0007557315013539 HR 
<  32| H |  10>=      0.0000012852370265      0.0005966663386543 HR 
<  12| H |  11>=     -0.0003784552532738     -0.0007350827039896 HR 
<  13| H |  11>=     -0.0004794477453539     -0.0003112326181001 HR 
<  14| H |  11>=      0.0002198834700136     -0.0000668219840594 HR 
<  15| H |  11>=     -0.0004155843272046      0.0003730734230114 HR 
<  16| H |  11>=      0.0003307632398897     -0.0003373675796738 HR 
<  17| H |  11>=     -0.0000059520238207     -0.0000126609273632 HR 
<  18| H |  11>=     -0.0005932622892445     -0.0001588814351115 HR 
<  19| H |  11>=      0.0000021459612871     -0.0000184926401063 HR 
<  20| H |  11>=     -0.0000000341256808     -0.0000004359953873 HR 
<  21| H |  11>=      0.0007065392235674      0.0002444761295227 HR 
<  22| H |  11>=     -0.0000016396558855      0.0000099915315827 HR 
<  23| H |  11>=     -0.0000010617763004      0.0000044121798311 HR 
<  24| H |  11>=     -0.0001242548766975     -0.0000162223015774 HR 
<  25| H |  11>=     -0.0000050207236529      0.0000357159454234 HR 
<  26| H |  11>=      0.0001585185140080      0.0001812753599237 HR 
<  27| H |  11>=      0.0002972894920182      0.0001001718365188 HR 
<  28| H |  11>=     -0.0002142916175782      0.0000083085891047 HR 
<  29| H |  11>=     -0.0000319905850890      0.0000717618937988 HR 
<  30| H |  11>=     -0.0004153181386297      0.0006998587248132 HR 
<  31| H |  11>=      0.0000246749407795     -0.0002963550698104 HR 
<  32| H |  11>=     -0.0001978641643571     -0.0004823867711774 HR 
<  13| H |  12>=     -0.0003126855303890     -0.0001911870588535 HR 
<  14| H |  12>=      0.0001172500860289     -0.0001007689517646 HR 
<  15| H |  12>=     -0.0001280517318528      0.0002662876402972 HR 
<  16| H |  12>=      0.0000050077366868     -0.0002219814895308 HR 
<  17| H |  12>=     -0.0000031954873204     -0.0000122261092004 HR 
<  18| H |  12>=     -0.0003205508966151     -0.0000417320255504 HR 
<  19| H |  12>=     -0.0000003684659910      0.0000037815781973 HR 
<  20| H |  12>=      0.0000022495137034     -0.0000187013214635 HR 
<  21| H |  12>=      0.0002447845990566      0.0000044007655063 HR 
<  22| H |  12>=      0.0000001477204568     -0.0000047836333200 HR 
<  23| H |  12>=     -0.0000017016076620      0.0000107471099938 HR 
<  24| H |  12>=      0.0000218391223514      0.0000572386865086 HR 
<  25| H |  12>=     -0.0000009319685054      0.0000119349272710 HR 
<  26| H |  12>=      0.0000116146016733      0.0000328188863408 HR 
<  27| H |  12>=      0.0001098468587085     -0.0000337482624023 HR 
<  28| H |  12>=     -0.0000935973862679     -0.0002481233612940 HR 
<  29| H |  12>=     -0.0001274885314342      0.0001943621964177 HR 
<  30| H |  12>=     -0.0002145913011770      0.0002950999120175 HR 
<  31| H |  12>=     -0.0000203327190864     -0.0000316702535559 HR 
<  32| H |  12>=     -0.0001353743157697     -0.0002919423726186 HR 
<  14| H |  13>=      0.0003253349424741      0.0005792879521073 HR 
<  15| H |  13>=      0.0000024601687568      0.0005391556393648 HR 
<  16| H |  13>=     -0.0004020166190572     -0.0002337649455167 HR 
<  17| H |  13>=     -0.0000103730206407     -0.0000025501098234 HR 
<  18| H |  13>=     -0.0008097569231191     -0.0000989334013235 HR 
<  19| H |  13>=      0.0000025536363278     -0.0000239605020756 HR 
<  20| H |  13>=      0.0000000609772557     -0.0000048062939417 HR 
<  21| H |  13>=      0.0002846187834242     -0.0001158859383922 HR 
<  22| H |  13>=      0.0000003261111322      0.0000011128710941 HR 
<  23| H |  13>=      0.0000020633909934     -0.0000148659968636 HR 
<  24| H |  13>=      0.0003101604147396      0.0000487612699897 HR 
<  25| H |  13>=      0.0000016023138269     -0.0000142401280604 HR 
<  26| H |  13>=     -0.0000779650329838      0.0000490123286368 HR 
<  27| H |  13>=      0.0001922334893848      0.0001740732143393 HR 
<  28| H |  13>=     -0.0003018935345030      0.0000390265067296 HR 
<  29| H |  13>=     -0.0001945730768256     -0.0001421095648977 HR 
<  30| H |  13>=     -0.0001742743948684     -0.0004409569290766 HR 
<  31| H |  13>=      0.0000732300107101      0.0000137952009515 HR 
<  32| H |  13>=     -0.0002892456998075     -0.0004283588947949 HR 
<  15| H |  14>=     -0.0000529984190139     -0.0006395611873476 HR 
<  16| H |  14>=      0.0001530613150738     -0.0001800053511405 HR 
<  17| H |  14>=      0.0000030517439322      0.0000159749221939 HR 
<  18| H |  14>=      0.0003317810195329     -0.0001005466992297 HR 
<  19| H |  14>=      0.0000009091513611     -0.0000053004560133 HR 
<  20| H |  14>=     -0.0000000351948098      0.0000078901190386 HR 
<  21| H |  14>=     -0.0001445495407665      0.0001791535725767 HR 
<  22| H |  14>=      0.0000027049837420     -0.0000230912832022 HR 
<  23| H |  14>=     -0.0000025495959582      0.0000229907812162 HR 
<  24| H |  14>=     -0.0001149491025272      0.0002633717467240 HR 
<  25| H |  14>=     -0.0000004574078988      0.0000077156957808 HR 
<  26| H |  14>=      0.0000022814437950     -0.0000071225309993 HR 
<  27| H |  14>=     -0.0000288692518091      0.0001275642948673 HR 
<  28| H |  14>=      0.0000810719609708      0.0000754959828726 HR 
<  29| H |  14>=     -0.0000544432176247      0.0002638297412806 HR 
<  30| H |  14>=      0.0000342574121487      0.0004001979350288 HR 
<  31| H |  14>=     -0.0000965271150259      0.0001173921827265 HR 
<  32| H |  14>=      0.0000666425306250      0.0001553312611942 HR 
<  16| H |  15>=      0.0006088514968224      0.0002310909798693 HR 
<  17| H |  15>=      0.0000003759233392     -0.0000140441785437 HR 
<  18| H |  15>=     -0.0000722081727037     -0.0002191248212684 HR 
<  19| H |  15>=     -0.0000010758403460      0.0000149671780488 HR 
<  20| H |  15>=     -0.0000030173935503      0.0000302110804115 HR 
<  21| H |  15>=      0.0006700115597254      0.0005221593461456 HR 
<  22| H |  15>=      0.0000011564815236     -0.0000110499558427 HR 
<  23| H |  15>=     -0.0000001005965529      0.0000046114104165 HR 
<  24| H |  15>=     -0.0002415766038700      0.0001283905692938 HR 
<  25| H |  15>=      0.0000009425787752     -0.0000036247614099 HR 
<  26| H |  15>=      0.0002832940450896      0.0001282930846858 HR 
<  27| H |  15>=      0.0001840817716789     -0.0000116338886971 HR 
<  28| H |  15>=     -0.0001105845538921      0.0000217968535949 HR 
<  29| H |  15>=      0.0000801773013840      0.0000668529225019 HR 
<  30| H |  15>=      0.0000041689230610     -0.0000800361899415 HR 
<  31| H |  15>=     -0.0001247942977042      0.0000698506223467 HR 
<  32| H |  15>=      0.0002677243282142      0.0002410233023715 HR 
<  17| H |  16>=     -0.0000050043535446     -0.0000196836041435 HR 
<  18| H |  16>=     -0.0005270368039169     -0.0002675191809987 HR 
<  19| H |  16>=      0.0000011204188441     -0.0000174821316957 HR 
<  20| H |  16>=     -0.0000002139695693      0.0000016298246632 HR 
<  21| H |  16>=     -0.0004907937102316     -0.0000557467819814 HR 
<  22| H |  16>=      0.0000016923158084     -0.0000164133722421 HR 
<  23| H |  16>=      0.0000001751271834      0.0000015367767543 HR 
<  24| H |  16>=      0.0006577863988783      0.0002959747477725 HR 
<  25| H |  16>=     -0.0000000461818702      0.0000034979458466 HR 
<  26| H |  16>=     -0.0002014700258371     -0.0000618598054348 HR 
<  27| H |  16>=     -0.0001957148883990     -0.0000332845405144 HR 
<  28| H |  16>=     -0.0001490312467378     -0.0000599175892677 HR 
<  29| H |  16>=     -0.0004019958733628     -0.0000205494791900 HR 
<  30| H |  16>=     -0.0002486782967977      0.0000336135932606 HR 
<  31| H |  16>=      0.0002222553249806      0.0001456771432015 HR 
<  32| H |  16>=     -0.0001343193439840     -0.0005122068777727 HR 
<  18| H |  17>=     -0.0000147813013784     -0.0000090191176541 HR 
<  19| H |  17>=     -0.0000417984097984      0.0000213647554497 HR 
<  20| H |  17>=     -0.0000214819970626     -0.0000071665170334 HR 
<  21| H |  17>=      0.0000074929062093      0.0000015385963446 HR 
<  22| H |  17>=     -0.0000099396821801     -0.0000053579558469 HR 
<  23| H |  17>=     -0.0000265034618901     -0.0000050814537732 HR 
<  24| H |  17>=      0.0000049701174062      0.0000017565911505 HR 
<  25| H |  17>=      0.0000002261647977     -0.0000145543325567 HR 
<  26| H |  17>=     -0.0000031747321843      0.0000030954613989 HR 
<  27| H |  17>=      0.0000030700724306     -0.0000031019258231 HR 
<  28| H |  17>=     -0.0000056736597546     -0.0000009331927010 HR 
<  29| H |  17>=     -0.0000044151560169      0.0000000578279282 HR 
<  30| H |  17>=     -0.0000057980121602     -0.0000022924827013 HR 
<  31| H |  17>=      0.0000026610881778      0.0000015685477047 HR 
<  32| H |  17>=     -0.0000044478266792      0.0000003109981340 HR 
<  19| H |  18>=     -0.0000005720645797      0.0000066606821440 HR 
<  20| H |  18>=     -0.0000004007848002      0.0000124384829878 HR 
<  21| H |  18>=      0.0006102466704396      0.0003352829005556 HR 
<  22| H |  18>=      0.0000010859668479     -0.0000074292178834 HR 
<  23| H |  18>=      0.0000009784565173     -0.0000056924220896 HR 
<  24| H |  18>=      0.0004220451165673      0.0001427261208443 HR 
<  25| H |  18>=     -0.0000004509247443      0.0000059160301535 HR 
<  26| H |  18>=     -0.0002636647867772      0.0000078988479315 HR 
<  27| H |  18>=      0.0003023551999653      0.0001028073516243 HR 
<  28| H |  18>=     -0.0004636022187190     -0.0001041169948688 HR 
<  29| H |  18>=     -0.0003661761569674     -0.0000405513848834 HR 
<  30| H |  18>=     -0.0004622557720698     -0.0002113842592596 HR 
<  31| H |  18>=      0.0002233677960484      0.0001453834381205 HR 
<  32| H |  18>=     -0.0003660238856207      0.0001602505061341 HR 
<  20| H |  19>=     -0.0000443588255717      0.0000377777981114 HR 
<  21| H |  19>=      0.0000001834895773      0.0000006624215220 HR 
<  22| H |  19>=     -0.0000005046776664      0.0000047431398951 HR 
<  23| H |  19>=      0.0000082873981590      0.0000150766524974 HR 
<  24| H |  19>=      0.0000001389873083     -0.0000027750807229 HR 
<  25| H |  19>=     -0.0000202316588289     -0.0000008991076460 HR 
<  26| H |  19>=      0.0000005605552239      0.0000033533768311 HR 
<  27| H |  19>=      0.0000002444213843      0.0000017021826078 HR 
<  28| H |  19>=      0.0000005049773608      0.0000008848395828 HR 
<  29| H |  19>=     -0.0000000862050743      0.0000002676848458 HR 
<  30| H |  19>=     -0.0000001575065514      0.0000005771598566 HR 
<  31| H |  19>=      0.0000000054815421     -0.0000001296599945 HR 
<  32| H |  19>=     -0.0000000761483463     -0.0000023576507199 HR 
<  21| H |  20>=     -0.0000004286569578      0.0000085669209331 HR 
<  22| H |  20>=      0.0000437536440044     -0.0000259404641749 HR 
<  23| H |  20>=     -0.0000076762577123     -0.0000140621891065 HR 
<  24| H |  20>=     -0.0000002798055498      0.0000016332568462 HR 
<  25| H |  20>=      0.0000043101646658      0.0000013000326851 HR 
<  26| H |  20>=      0.0000004051378254      0.0000000401687265 HR 
<  27| H |  20>=      0.0000006214426227      0.0000011296462693 HR 
<  28| H |  20>=     -0.0000006864446763     -0.0000023452989398 HR 
<  29| H |  20>=      0.0000008688467063     -0.0000026992293717 HR 
<  30| H |  20>=     -0.0000000982653708     -0.0000018999696573 HR 
<  31| H |  20>=     -0.0000000898945879     -0.0000006346868195 HR 
<  32| H |  20>=     -0.0000002177713488     -0.0000028972121133 HR 
<  22| H |  21>=     -0.0000007933043995      0.0000055918537781 HR 
<  23| H |  21>=      0.0000002271617908      0.0000029872151968 HR 
<  24| H |  21>=      0.0002431628123231      0.0000641426422273 HR 
<  25| H |  21>=      0.0000001882934721     -0.0000084588476578 HR 
<  26| H |  21>=     -0.0002903446795864     -0.0001012553836869 HR 
<  27| H |  21>=     -0.0003509748683580     -0.0001492247835776 HR 
<  28| H |  21>=      0.0002210371427273      0.0001354805293711 HR 
<  29| H |  21>=      0.0000211338711325      0.0001150948268498 HR 
<  30| H |  21>=      0.0002661020052439      0.0001740915454563 HR 
<  31| H |  21>=     -0.0000709973755824     -0.0000806501917352 HR 
<  32| H |  21>=     -0.0000573492355106     -0.0000094515346301 HR 
<  23| H |  22>=      0.0000569408611558     -0.0000281143315109 HR 
<  24| H |  22>=      0.0000009334217400     -0.0000117311215833 HR 
<  25| H |  22>=      0.0000399443490495      0.0000274117097857 HR 
<  26| H |  22>=     -0.0000001974424010      0.0000013742675026 HR 
<  27| H |  22>=     -0.0000003934352858      0.0000015513210738 HR 
<  28| H |  22>=      0.0000010352185395     -0.0000011543570062 HR 
<  29| H |  22>=      0.0000011667609828     -0.0000011378579813 HR 
<  30| H |  22>=     -0.0000000473934207      0.0000012794843994 HR 
<  31| H |  22>=     -0.0000003174392459     -0.0000002250807696 HR 
<  32| H |  22>=      0.0000002964401471      0.0000009853223570 HR 
<  24| H |  23>=     -0.0000004534110380      0.0000089469240459 HR 
<  25| H |  23>=     -0.0000497838759967      0.0000287159476147 HR 
<  26| H |  23>=     -0.0000003348609130      0.0000023330865009 HR 
<  27| H |  23>=     -0.0000001913765170      0.0000000829120590 HR 
<  28| H |  23>=     -0.0000000511164669      0.0000013270565490 HR 
<  29| H |  23>=     -0.0000006579799175      0.0000083469317121 HR 
<  30| H |  23>=     -0.0000009065520099      0.0000125807600595 HR 
<  31| H |  23>=     -0.0000012120299893      0.0000091667304338 HR 
<  32| H |  23>=      0.0000003416748782     -0.0000006414159040 HR 
<  25| H |  24>=     -0.0000004730486291      0.0000029641341637 HR 
<  26| H |  24>=      0.0002438371886658      0.0000623799686685 HR 
<  27| H |  24>=      0.0000343802816379     -0.0000296728855774 HR 
<  28| H |  24>=      0.0001724081160660      0.0001734734207754 HR 
<  29| H |  24>=      0.0004097521284254      0.0003826817564945 HR 
<  30| H |  24>=      0.0002771122097993      0.0001033209379649 HR 
<  31| H |  24>=      0.0000727643787974      0.0002515600760768 HR 
<  32| H |  24>=      0.0001439315740478     -0.0000005567415359 HR 
<  26| H |  25>=      0.0000000836679164      0.0000015757348668 HR 
<  27| H |  25>=     -0.0000005517526938      0.0000027365729299 HR 
<  28| H |  25>=      0.0000003349400213     -0.0000033373823372 HR 
<  29| H |  25>=      0.0000000686436906      0.0000059791079203 HR 
<  30| H |  25>=     -0.0000014314397421      0.0000309629851065 HR 
<  31| H |  25>=      0.0000008386198976     -0.0000133261473005 HR 
<  32| H |  25>=     -0.0000001110143869      0.0000000707831440 HR 
<  27| H |  26>=     -0.0000219259823455      0.0000475314534465 HR 
<  28| H |  26>=     -0.0000422074336170     -0.0000322766130623 HR 
<  29| H |  26>=     -0.0000420471875291      0.0000402150751046 HR 
<  30| H |  26>=      0.0000412356819077      0.0000365191215036 HR 
<  31| H |  26>=      0.0001030636248300      0.0000635336901362 HR 
<  32| H |  26>=     -0.0000455023220705     -0.0000994210117859 HR 
<  28| H |  27>=      0.0000166739625172     -0.0000503197634469 HR 
<  29| H |  27>=      0.0000377657839248      0.0000550576567084 HR 
<  30| H |  27>=      0.0002152747126485      0.0001044762382811 HR 
<  31| H |  27>=     -0.0000177023574811      0.0000340106418114 HR 
<  32| H |  27>=     -0.0000385098892229      0.0000828930727966 HR 
<  29| H |  28>=     -0.0000631352577266      0.0000142559744036 HR 
<  30| H |  28>=     -0.0003723429406298     -0.0002078337272438 HR 
<  31| H |  28>=      0.0001445235526178      0.0000318040131977 HR 
<  32| H |  28>=     -0.0000123441586727      0.0000062299069445 HR 
<  30| H |  29>=      0.0002477517641687      0.0000693629129022 HR 
<  31| H |  29>=      0.0002095599797286      0.0001442973720988 HR 
<  32| H |  29>=     -0.0000885842510072      0.0000856531124299 HR 
<  31| H |  30>=     -0.0003601188639506     -0.0001084050485966 HR 
<  32| H |  30>=     -0.0001625212684618     -0.0000758321248017 HR 
<  32| H |  31>=     -0.0000862201757120      0.0000948998131649 HR 
 Off-diagonal elements at the   2-th k-point
  Now calling HLOCAL and NONLOC
  Exepctation values: end
  call HLOCAL and NONLOC for Off-diagonal
  Off-diagonal elements: computed!
  Now before do 2200 - for Off-diagonal
  Now after do 2200-2201 
<   2| H |   1>=      0.0000191125005312     -0.0000473123341846 HR 
<   3| H |   1>=     -0.0000103611247162      0.0000161381167705 HR 
<   4| H |   1>=     -0.0000028862715134      0.0000005136721365 HR 
<   5| H |   1>=     -0.0000629477395102      0.0000138442530354 HR 
<   6| H |   1>=     -0.0000024911222589      0.0000153633612726 HR 
<   7| H |   1>=     -0.0000467578558871      0.0000253667415006 HR 
<   8| H |   1>=     -0.0000012107473782      0.0000022026264237 HR 
<   9| H |   1>=     -0.0000163352623840      0.0000682907869665 HR 
<  10| H |   1>=      0.0000000770591932      0.0000026946795334 HR 
<  11| H |   1>=      0.0000597540680822      0.0002875533286691 HR 
<  12| H |   1>=     -0.0000445638932447     -0.0000596993867793 HR 
<  13| H |   1>=     -0.0000072553667047     -0.0000022476618807 HR 
<  14| H |   1>=      0.0002422639046222      0.0005642841416448 HR 
<  15| H |   1>=      0.0000273292190935      0.0001242567744939 HR 
<  16| H |   1>=     -0.0000040343267740     -0.0000045125038328 HR 
<  17| H |   1>=     -0.0000028346372215     -0.0000040602735641 HR 
<  18| H |   1>=      0.0001465632618930      0.0008595007403826 HR 
<  19| H |   1>=     -0.0000118142172548     -0.0001540141497665 HR 
<  20| H |   1>=     -0.0000032839134020     -0.0000009669949453 HR 
<  21| H |   1>=     -0.0000935110434198      0.0001773080626555 HR 
<  22| H |   1>=     -0.0000045104769496     -0.0000102007186271 HR 
<  23| H |   1>=      0.0000477127299223     -0.0000354465967153 HR 
<  24| H |   1>=      0.0000076409302075      0.0000260428281356 HR 
<  25| H |   1>=     -0.0000821149166255     -0.0000244983570139 HR 
<  26| H |   1>=     -0.0000007739038564     -0.0000037159894305 HR 
<  27| H |   1>=     -0.0000777880388794     -0.0000519694024428 HR 
<  28| H |   1>=     -0.0000041515787926     -0.0002987598530416 HR 
<  29| H |   1>=     -0.0000016625238318      0.0000060192471977 HR 
<  30| H |   1>=      0.0000142809551923      0.0000906280619539 HR 
<  31| H |   1>=     -0.0002300917005627      0.0001336026300104 HR 
<  32| H |   1>=     -0.0000998437364145      0.0003598539152280 HR 
<   3| H |   2>=     -0.0000244591939279      0.0000477274431528 HR 
<   4| H |   2>=      0.0000921817831756     -0.0000131501193546 HR 
<   5| H |   2>=     -0.0000014545072703     -0.0000144727217359 HR 
<   6| H |   2>=     -0.0001538664528371     -0.0000014903712224 HR 
<   7| H |   2>=      0.0000000503717327     -0.0000125863217536 HR 
<   8| H |   2>=      0.0001032390050832     -0.0000499414712016 HR 
<   9| H |   2>=     -0.0000017999756406      0.0000032821667025 HR 
<  10| H |   2>=     -0.0000114635590266     -0.0003310478275760 HR 
<  11| H |   2>=     -0.0000464333266302     -0.0000539679549934 HR 
<  12| H |   2>=      0.0001870961173782      0.0003598036546834 HR 
<  13| H |   2>=     -0.0002821909091022     -0.0003501109342173 HR 
<  14| H |   2>=     -0.0000112067368376      0.0000001627502478 HR 
<  15| H |   2>=      0.0000007689828415      0.0000065328704170 HR 
<  16| H |   2>=     -0.0002841108746238     -0.0005379204662115 HR 
<  17| H |   2>=     -0.0001483701824748     -0.0002059686303368 HR 
<  18| H |   2>=      0.0000037553998077     -0.0000026451261835 HR 
<  19| H |   2>=      0.0000078899409619      0.0000142649199057 HR 
<  20| H |   2>=     -0.0000682211986119      0.0004986948027478 HR 
<  21| H |   2>=      0.0000127439467798      0.0000238657933053 HR 
<  22| H |   2>=     -0.0002399455857346      0.0000501096606135 HR 
<  23| H |   2>=     -0.0000090213909179     -0.0000298638134814 HR 
<  24| H |   2>=      0.0002212951302573      0.0001415836034633 HR 
<  25| H |   2>=     -0.0000102922492623     -0.0000185064779027 HR 
<  26| H |   2>=      0.0000020296351807      0.0003673756408705 HR 
<  27| H |   2>=     -0.0000007052032481     -0.0000216713680273 HR 
<  28| H |   2>=     -0.0000022282808681     -0.0000493321729107 HR 
<  29| H |   2>=     -0.0001898602867871      0.0006295687511905 HR 
<  30| H |   2>=     -0.0000604875475563      0.0001467482054041 HR 
<  31| H |   2>=     -0.0000142339385571     -0.0000063496346834 HR 
<  32| H |   2>=      0.0000086594553490     -0.0003301502744976 HR 
<   4| H |   3>=     -0.0000260180511341      0.0000302825823990 HR 
<   5| H |   3>=     -0.0001684155627796      0.0000106251422216 HR 
<   6| H |   3>=      0.0000047782149684      0.0000145760030311 HR 
<   7| H |   3>=     -0.0002197513199913      0.0000060504704452 HR 
<   8| H |   3>=     -0.0000018093786243     -0.0000116315667223 HR 
<   9| H |   3>=     -0.0000921585424246      0.0002371084444554 HR 
<  10| H |   3>=     -0.0000462571529163     -0.0000463757109675 HR 
<  11| H |   3>=     -0.0002788877124302     -0.0004425892509954 HR 
<  12| H |   3>=      0.0000005725235190      0.0000031664634309 HR 
<  13| H |   3>=     -0.0000132778590090      0.0000019179387164 HR 
<  14| H |   3>=      0.0004859214862324      0.0003862458601544 HR 
<  15| H |   3>=      0.0000265251070187      0.0000348658937912 HR 
<  16| H |   3>=     -0.0000084614001300      0.0000016762630314 HR 
<  17| H |   3>=     -0.0000258891900167     -0.0000418669166655 HR 
<  18| H |   3>=     -0.0000329843084801     -0.0000230517825506 HR 
<  19| H |   3>=     -0.0000257960057827      0.0003992456397851 HR 
<  20| H |   3>=     -0.0000053361832165      0.0000050727703997 HR 
<  21| H |   3>=     -0.0004802879931931     -0.0000437560829361 HR 
<  22| H |   3>=     -0.0000039773113314     -0.0000085394375980 HR 
<  23| H |   3>=      0.0002648917546418      0.0001403663399714 HR 
<  24| H |   3>=     -0.0000173518603628     -0.0000265258661180 HR 
<  25| H |   3>=     -0.0001403973910075     -0.0000069734100286 HR 
<  26| H |   3>=     -0.0000055928565624     -0.0000519783069495 HR 
<  27| H |   3>=     -0.0001851437856876      0.0007818898119923 HR 
<  28| H |   3>=      0.0000556723283604      0.0006621055880540 HR 
<  29| H |   3>=     -0.0000040867761593     -0.0000250685132653 HR 
<  30| H |   3>=      0.0000013306642751     -0.0000020149026247 HR 
<  31| H |   3>=     -0.0002965601419264     -0.0000816744024669 HR 
<  32| H |   3>=     -0.0002777109952579     -0.0001003037878339 HR 
<   5| H |   4>=      0.0000345777929821     -0.0000284916013287 HR 
<   6| H |   4>=      0.0002834206266903      0.0000372422565395 HR 
<   7| H |   4>=      0.0000091803933200      0.0000139832525589 HR 
<   8| H |   4>=     -0.0002443458337540      0.0000686528338725 HR 
<   9| H |   4>=      0.0000408483800228      0.0000473039496059 HR 
<  10| H |   4>=     -0.0003125761795936     -0.0003758680155322 HR 
<  11| H |   4>=     -0.0000049469818636     -0.0000088505185710 HR 
<  12| H |   4>=     -0.0001723059831214     -0.0001186407823544 HR 
<  13| H |   4>=      0.0004656216832749      0.0002597122036268 HR 
<  14| H |   4>=      0.0000345322444591      0.0000233076390833 HR 
<  15| H |   4>=     -0.0000244171603572     -0.0000402736131229 HR 
<  16| H |   4>=      0.0004255340903234      0.0002228385165945 HR 
<  17| H |   4>=      0.0003343158377417     -0.0002028355628191 HR 
<  18| H |   4>=     -0.0000122697944669     -0.0000082071760731 HR 
<  19| H |   4>=      0.0000133811977689      0.0000142894707413 HR 
<  20| H |   4>=      0.0002701770368158      0.0000437129539023 HR 
<  21| H |   4>=      0.0000061823216368      0.0000257547375181 HR 
<  22| H |   4>=      0.0004366783591313     -0.0000092279175221 HR 
<  23| H |   4>=     -0.0000134356317162     -0.0000150210367649 HR 
<  24| H |   4>=     -0.0002377642055424     -0.0000676511303985 HR 
<  25| H |   4>=      0.0000065297352041      0.0000052297984587 HR 
<  26| H |   4>=      0.0000106438276800      0.0009212702058500 HR 
<  27| H |   4>=     -0.0000095739184395     -0.0000613755073796 HR 
<  28| H |   4>=     -0.0000004572349482      0.0000201276999466 HR 
<  29| H |   4>=      0.0004209909713939     -0.0000625296992755 HR 
<  30| H |   4>=      0.0002454630304508      0.0000483600090718 HR 
<  31| H |   4>=      0.0000104516622522     -0.0000246026042684 HR 
<  32| H |   4>=     -0.0000347652163974      0.0001575106484255 HR 
<   6| H |   5>=      0.0000439339176680     -0.0000254524726647 HR 
<   7| H |   5>=     -0.0003958669593467     -0.0000997884268794 HR 
<   8| H |   5>=     -0.0000346933155894     -0.0000344695947289 HR 
<   9| H |   5>=     -0.0003759129096469     -0.0002707738361779 HR 
<  10| H |   5>=      0.0000101489451694      0.0000025943000677 HR 
<  11| H |   5>=     -0.0002782437931610     -0.0001166392625382 HR 
<  12| H |   5>=      0.0000054371233755      0.0000066105682298 HR 
<  13| H |   5>=     -0.0000524258142012     -0.0000480435175201 HR 
<  14| H |   5>=      0.0007729808967153      0.0001234795969874 HR 
<  15| H |   5>=     -0.0000387784962688      0.0002045740910315 HR 
<  16| H |   5>=      0.0000047450111463      0.0000260295952644 HR 
<  17| H |   5>=      0.0000303466045794      0.0000457182674649 HR 
<  18| H |   5>=     -0.0000858127659805     -0.0000288243180604 HR 
<  19| H |   5>=     -0.0000156824145975     -0.0000062601760576 HR 
<  20| H |   5>=      0.0000056094521963      0.0000193097556883 HR 
<  21| H |   5>=     -0.0006784877806968      0.0000708539900681 HR 
<  22| H |   5>=     -0.0000005328792813      0.0000121347791799 HR 
<  23| H |   5>=      0.0003100098578249      0.0002051357187593 HR 
<  24| H |   5>=     -0.0000105865550701     -0.0000082978270501 HR 
<  25| H |   5>=     -0.0002101119466357     -0.0000344355970982 HR 
<  26| H |   5>=      0.0000065276476949      0.0000299510132318 HR 
<  27| H |   5>=     -0.0003113215815036     -0.0005166436781699 HR 
<  28| H |   5>=     -0.0000656034577071      0.0006484777653590 HR 
<  29| H |   5>=     -0.0000085927179639     -0.0000470837483146 HR 
<  30| H |   5>=      0.0000001967486919     -0.0000030113710175 HR 
<  31| H |   5>=     -0.0004669554161671     -0.0000772837842018 HR 
<  32| H |   5>=     -0.0004387660569211     -0.0000727807500390 HR 
<   7| H |   6>=     -0.0000573850158143      0.0000180049076697 HR 
<   8| H |   6>=      0.0003919713480329      0.0001235939068154 HR 
<   9| H |   6>=     -0.0000000250338468      0.0000032781421185 HR 
<  10| H |   6>=      0.0003189028158374      0.0000838965097051 HR 
<  11| H |   6>=      0.0000069945624794     -0.0000034986705362 HR 
<  12| H |   6>=      0.0002121523682996      0.0000457824451523 HR 
<  13| H |   6>=     -0.0006472543713178     -0.0000346277798096 HR 
<  14| H |   6>=     -0.0000022031673455      0.0000135658655283 HR 
<  15| H |   6>=     -0.0000633104019968     -0.0000694319930845 HR 
<  16| H |   6>=     -0.0005377282152862     -0.0000467155847141 HR 
<  17| H |   6>=     -0.0003759528952363      0.0000117142458539 HR 
<  18| H |   6>=     -0.0000030347896299     -0.0000008409223187 HR 
<  19| H |   6>=     -0.0000253071374203     -0.0000246048405925 HR 
<  20| H |   6>=     -0.0003521726405595      0.0001571571872608 HR 
<  21| H |   6>=      0.0000068386557934     -0.0000078237134825 HR 
<  22| H |   6>=     -0.0005991651856230     -0.0001653223977490 HR 
<  23| H |   6>=      0.0000099496659754      0.0000182263549949 HR 
<  24| H |   6>=      0.0002851772499997      0.0000352040238297 HR 
<  25| H |   6>=     -0.0000063511922313     -0.0000068083429307 HR 
<  26| H |   6>=      0.0000356715750509     -0.0000874165718422 HR 
<  27| H |   6>=      0.0000015587026272     -0.0000087133314855 HR 
<  28| H |   6>=      0.0000066978752464      0.0000331606837054 HR 
<  29| H |   6>=     -0.0004845751802177     -0.0004215743302860 HR 
<  30| H |   6>=     -0.0003183506890299     -0.0000457023910259 HR 
<  31| H |   6>=     -0.0000207114903548      0.0000365054496043 HR 
<  32| H |   6>=      0.0001126018125452     -0.0001936794880512 HR 
<   8| H |   7>=     -0.0000432076342208      0.0000371905505499 HR 
<   9| H |   7>=     -0.0003374227476346     -0.0001170123202733 HR 
<  10| H |   7>=     -0.0000010415402510     -0.0000013271532114 HR 
<  11| H |   7>=     -0.0003089383123688     -0.0001085084060401 HR 
<  12| H |   7>=      0.0000036119673366     -0.0000118223830038 HR 
<  13| H |   7>=      0.0000818853658593      0.0000840993427511 HR 
<  14| H |   7>=      0.0008158008103092      0.0001744273461375 HR 
<  15| H |   7>=      0.0000099317786281      0.0001606742513798 HR 
<  16| H |   7>=     -0.0001065838841486     -0.0000953132006610 HR 
<  17| H |   7>=      0.0000401535861182      0.0000448891973224 HR 
<  18| H |   7>=     -0.0000957205427140     -0.0000063922865825 HR 
<  19| H |   7>=     -0.0000122869368372      0.0000951614704379 HR 
<  20| H |   7>=     -0.0000199679510979     -0.0000221131328045 HR 
<  21| H |   7>=     -0.0007487261686608     -0.0000188011350696 HR 
<  22| H |   7>=      0.0000027926854583      0.0000166156132055 HR 
<  23| H |   7>=      0.0003218231547065      0.0000779029559510 HR 
<  24| H |   7>=     -0.0000094198533136     -0.0000201997065658 HR 
<  25| H |   7>=     -0.0002227636896971     -0.0000066034696109 HR 
<  26| H |   7>=      0.0000009820837869      0.0000081027603023 HR 
<  27| H |   7>=     -0.0003609248127697     -0.0001517123361720 HR 
<  28| H |   7>=     -0.0000803248981556      0.0003308096886847 HR 
<  29| H |   7>=     -0.0000013339176531      0.0000120297353995 HR 
<  30| H |   7>=     -0.0000002907248334      0.0000015952985900 HR 
<  31| H |   7>=     -0.0004810142032859     -0.0000060394934026 HR 
<  32| H |   7>=     -0.0004464393542384      0.0000369442008467 HR 
<   9| H |   8>=      0.0000219744016819     -0.0000396082009313 HR 
<  10| H |   8>=     -0.0002656330136557     -0.0001225522896290 HR 
<  11| H |   8>=     -0.0000033377843753      0.0000083736246726 HR 
<  12| H |   8>=     -0.0001962557139119     -0.0000987373682081 HR 
<  13| H |   8>=      0.0005539179134270      0.0004536635529462 HR 
<  14| H |   8>=     -0.0000396911708370     -0.0000474507021161 HR 
<  15| H |   8>=      0.0001002503038904      0.0000683691104387 HR 
<  16| H |   8>=      0.0004972985017959      0.0001784141590545 HR 
<  17| H |   8>=      0.0003088993362583     -0.0002256017152034 HR 
<  18| H |   8>=      0.0000364310556139      0.0000309828944094 HR 
<  19| H |   8>=      0.0000545965918962      0.0000553258341384 HR 
<  20| H |   8>=      0.0003202403617997      0.0000253134795751 HR 
<  21| H |   8>=     -0.0000339060541466     -0.0000353561191546 HR 
<  22| H |   8>=      0.0005231008300941     -0.0000412469385831 HR 
<  23| H |   8>=     -0.0000145499064314     -0.0000285098934031 HR 
<  24| H |   8>=     -0.0002743230456153      0.0000286392218526 HR 
<  25| H |   8>=      0.0000042387296045      0.0000152333446529 HR 
<  26| H |   8>=     -0.0000559577493103      0.0003791738196072 HR 
<  27| H |   8>=      0.0000009306371202      0.0000102755795756 HR 
<  28| H |   8>=     -0.0000071419516612     -0.0000226124659253 HR 
<  29| H |   8>=      0.0005180092971332     -0.0004850947215024 HR 
<  30| H |   8>=      0.0002873996032976     -0.0000295648065184 HR 
<  31| H |   8>=      0.0000092859400002      0.0000286450462874 HR 
<  32| H |   8>=     -0.0000737231864464     -0.0001487636150223 HR 
<  10| H |   9>=      0.0000126308630040      0.0000410834910386 HR 
<  11| H |   9>=     -0.0002327097085229     -0.0001709989226458 HR 
<  12| H |   9>=      0.0000076559260425      0.0000027621479503 HR 
<  13| H |   9>=     -0.0000481296752985     -0.0000198703835932 HR 
<  14| H |   9>=      0.0007019275229879      0.0005640692939512 HR 
<  15| H |   9>=     -0.0000137917082088     -0.0005429283526832 HR 
<  16| H |   9>=     -0.0000041973626088      0.0000091513817633 HR 
<  17| H |   9>=      0.0001218552481370      0.0000968876896902 HR 
<  18| H |   9>=     -0.0000718634420967     -0.0000371855095745 HR 
<  19| H |   9>=      0.0000254949021964      0.0003789612717575 HR 
<  20| H |   9>=      0.0000405133030694      0.0000337134013176 HR 
<  21| H |   9>=     -0.0005868109734166      0.0000446251527207 HR 
<  22| H |   9>=     -0.0000316699565718     -0.0000350784315823 HR 
<  23| H |   9>=      0.0002583910213901     -0.0000885988343382 HR 
<  24| H |   9>=     -0.0000109775230489     -0.0000252974233187 HR 
<  25| H |   9>=     -0.0001983388134245      0.0000422560420059 HR 
<  26| H |   9>=      0.0000047883097080      0.0000373873168698 HR 
<  27| H |   9>=     -0.0004072932770015      0.0007141345308588 HR 
<  28| H |   9>=     -0.0000510958022844     -0.0003950699237613 HR 
<  29| H |   9>=     -0.0000085506736315     -0.0000037975479147 HR 
<  30| H |   9>=     -0.0000030576519695      0.0000043677002420 HR 
<  31| H |   9>=     -0.0004137777492989      0.0000318158886740 HR 
<  32| H |   9>=     -0.0004043054515189     -0.0002176096209973 HR 
<  11| H |  10>=     -0.0000333013702000     -0.0000575397488596 HR 
<  12| H |  10>=     -0.0001287713973230     -0.0000828294273556 HR 
<  13| H |  10>=      0.0004626828937660      0.0000175651075886 HR 
<  14| H |  10>=      0.0000531493099682      0.0000211288140772 HR 
<  15| H |  10>=     -0.0000218824449449     -0.0000133192750844 HR 
<  16| H |  10>=      0.0004247565702502      0.0001934611798932 HR 
<  17| H |  10>=      0.0003689596700114      0.0009620951327174 HR 
<  18| H |  10>=     -0.0000145245083700     -0.0000137219355536 HR 
<  19| H |  10>=      0.0001126768903671      0.0000825384424791 HR 
<  20| H |  10>=      0.0002433615331569     -0.0002741707947650 HR 
<  21| H |  10>=      0.0000638971452028      0.0000603212722873 HR 
<  22| H |  10>=      0.0004456172133420     -0.0000619768575454 HR 
<  23| H |  10>=      0.0000015505743037     -0.0000108978218074 HR 
<  24| H |  10>=     -0.0002017581389692      0.0002010936350731 HR 
<  25| H |  10>=      0.0000044876011146      0.0000075466876283 HR 
<  26| H |  10>=      0.0000987520474256     -0.0007752852765043 HR 
<  27| H |  10>=     -0.0000056487875502     -0.0000325751645011 HR 
<  28| H |  10>=      0.0000031390269393     -0.0000303328848907 HR 
<  29| H |  10>=      0.0004753532358900     -0.0000568568008332 HR 
<  30| H |  10>=      0.0002725317237618     -0.0000651658200203 HR 
<  31| H |  10>=      0.0000071476707104      0.0000117716347211 HR 
<  32| H |  10>=     -0.0000982792956136     -0.0000038941376383 HR 
<  12| H |  11>=      0.0000332740393996      0.0000595294060586 HR 
<  13| H |  11>=     -0.0000429997236917     -0.0000187957393428 HR 
<  14| H |  11>=      0.0005976960578591      0.0000069050625093 HR 
<  15| H |  11>=      0.0000025894861025     -0.0001240969179865 HR 
<  16| H |  11>=     -0.0000614691687440     -0.0000344855255608 HR 
<  17| H |  11>=     -0.0000444971109371     -0.0000278577557576 HR 
<  18| H |  11>=     -0.0000510277093813      0.0004095599762988 HR 
<  19| H |  11>=     -0.0000390010620617     -0.0007753498955101 HR 
<  20| H |  11>=      0.0000939998582288      0.0000680730712038 HR 
<  21| H |  11>=     -0.0006205575768415     -0.0003520727342516 HR 
<  22| H |  11>=      0.0000327644361684      0.0000472595937349 HR 
<  23| H |  11>=      0.0002927617292362      0.0001460374433301 HR 
<  24| H |  11>=     -0.0000493466899295     -0.0000591711487090 HR 
<  25| H |  11>=     -0.0001534066199482      0.0001852658781379 HR 
<  26| H |  11>=     -0.0000013725290607     -0.0000100328040942 HR 
<  27| H |  11>=     -0.0001909121254447     -0.0003748678155626 HR 
<  28| H |  11>=      0.0000354284708393     -0.0005026492876270 HR 
<  29| H |  11>=      0.0000006729262221     -0.0000251101730318 HR 
<  30| H |  11>=     -0.0000058565986435     -0.0000015467304066 HR 
<  31| H |  11>=     -0.0006584818832403      0.0007762035217542 HR 
<  32| H |  11>=     -0.0003721111521878     -0.0001178991959051 HR 
<  13| H |  12>=      0.0003437933907909     -0.0001949379166855 HR 
<  14| H |  12>=      0.0000735889707121      0.0000421267964982 HR 
<  15| H |  12>=      0.0000072370539243      0.0000082541179023 HR 
<  16| H |  12>=      0.0003266681177552     -0.0002670141833947 HR 
<  17| H |  12>=      0.0002140540693707      0.0000808632671826 HR 
<  18| H |  12>=      0.0001117355988768      0.0000736992682697 HR 
<  19| H |  12>=     -0.0000256781717837     -0.0000275725574304 HR 
<  20| H |  12>=      0.0001912089180422      0.0004014623939338 HR 
<  21| H |  12>=      0.0000235855255026      0.0000297459010245 HR 
<  22| H |  12>=      0.0003681489278337      0.0002267760784281 HR 
<  23| H |  12>=     -0.0000010902127794     -0.0000059768850762 HR 
<  24| H |  12>=     -0.0002005380250834     -0.0003024344171469 HR 
<  25| H |  12>=      0.0000587910169393      0.0000800396294110 HR 
<  26| H |  12>=     -0.0000194806622787     -0.0000050347440760 HR 
<  27| H |  12>=     -0.0000034606305973      0.0000068323512833 HR 
<  28| H |  12>=     -0.0000022592071350      0.0000038337269822 HR 
<  29| H |  12>=      0.0002110720426615      0.0004318385475306 HR 
<  30| H |  12>=      0.0005186899001308     -0.0009219558656608 HR 
<  31| H |  12>=      0.0000239205901234      0.0000175810626966 HR 
<  32| H |  12>=      0.0000151978124046     -0.0002240663881822 HR 
<  14| H |  13>=      0.0000260690091869     -0.0000439666213212 HR 
<  15| H |  13>=      0.0000333232468398      0.0000184638202292 HR 
<  16| H |  13>=     -0.0008551402440939     -0.0003261726471628 HR 
<  17| H |  13>=     -0.0005721773292574     -0.0001146679463470 HR 
<  18| H |  13>=      0.0000171661898864      0.0000122719218482 HR 
<  19| H |  13>=     -0.0000030625038843      0.0000039466259812 HR 
<  20| H |  13>=     -0.0005272130672369     -0.0000774000763892 HR 
<  21| H |  13>=      0.0000227280207973      0.0000013375073983 HR 
<  22| H |  13>=     -0.0009448533254003     -0.0002531387609796 HR 
<  23| H |  13>=      0.0000032443669665      0.0000052979232949 HR 
<  24| H |  13>=      0.0005356186119737      0.0001570684718968 HR 
<  25| H |  13>=     -0.0000008870265488     -0.0000023215136323 HR 
<  26| H |  13>=     -0.0000436669648976     -0.0000479265027071 HR 
<  27| H |  13>=      0.0000000997647866     -0.0000179465082832 HR 
<  28| H |  13>=      0.0000271075251955      0.0000034883753631 HR 
<  29| H |  13>=     -0.0006977585507905     -0.0003589274960810 HR 
<  30| H |  13>=     -0.0004206577588673     -0.0002659805381903 HR 
<  31| H |  13>=     -0.0000212617753057     -0.0000241743602914 HR 
<  32| H |  13>=      0.0000425374497097      0.0000073158909079 HR 
<  15| H |  14>=     -0.0000624120574980      0.0000247370741214 HR 
<  16| H |  14>=     -0.0000261442341904      0.0000104660401201 HR 
<  17| H |  14>=      0.0000014084973312      0.0000247942780432 HR 
<  18| H |  14>=      0.0001073774576841     -0.0000326029642392 HR 
<  19| H |  14>=      0.0000204806590907     -0.0000892584892426 HR 
<  20| H |  14>=      0.0000093294773042     -0.0000027319320637 HR 
<  21| H |  14>=      0.0015708832227790      0.0004294936644095 HR 
<  22| H |  14>=      0.0000167126405702     -0.0000017702208123 HR 
<  23| H |  14>=     -0.0007139057471895     -0.0002077369889333 HR 
<  24| H |  14>=      0.0000040531608077     -0.0000001080465162 HR 
<  25| H |  14>=      0.0005477822798781      0.0001855706428773 HR 
<  26| H |  14>=     -0.0000159329503566     -0.0000038897347983 HR 
<  27| H |  14>=      0.0006669987891826      0.0002048143936976 HR 
<  28| H |  14>=     -0.0000082602874897      0.0000124741765511 HR 
<  29| H |  14>=      0.0000278352169292     -0.0000146354953003 HR 
<  30| H |  14>=     -0.0000257100860076     -0.0000351641412270 HR 
<  31| H |  14>=      0.0010053972363026      0.0005158896532714 HR 
<  32| H |  14>=      0.0007565734107310      0.0006925838578632 HR 
<  16| H |  15>=     -0.0000079055032399      0.0000332303619471 HR 
<  17| H |  15>=      0.0000263136646429     -0.0000430330567505 HR 
<  18| H |  15>=     -0.0000166356984618     -0.0000096695464702 HR 
<  19| H |  15>=      0.0000123960635098      0.0000468176986664 HR 
<  20| H |  15>=      0.0000217744712810      0.0000241637570948 HR 
<  21| H |  15>=      0.0000230088682665      0.0000049162672739 HR 
<  22| H |  15>=     -0.0000074548705236     -0.0000179654452432 HR 
<  23| H |  15>=     -0.0000321438704333     -0.0000406498320473 HR 
<  24| H |  15>=     -0.0000051783804888     -0.0000055936815443 HR 
<  25| H |  15>=      0.0000062733315356      0.0000337857123360 HR 
<  26| H |  15>=      0.0000176087425239      0.0000118373765931 HR 
<  27| H |  15>=      0.0000122884542141      0.0000628051879865 HR 
<  28| H |  15>=     -0.0000595212148144      0.0000330943264371 HR 
<  29| H |  15>=     -0.0000243746364182     -0.0000290709737089 HR 
<  30| H |  15>=     -0.0000088317762454     -0.0000016810434717 HR 
<  31| H |  15>=      0.0000293006030759      0.0000574037977370 HR 
<  32| H |  15>=     -0.0001369871325072      0.0001344750930156 HR 
<  17| H |  16>=     -0.0005408047865609     -0.0002003683188788 HR 
<  18| H |  16>=      0.0000623439691937     -0.0000021142880915 HR 
<  19| H |  16>=      0.0000089100698608     -0.0000235698363118 HR 
<  20| H |  16>=     -0.0004541626142472     -0.0000242537650940 HR 
<  21| H |  16>=      0.0000091863749719      0.0000111474540850 HR 
<  22| H |  16>=     -0.0008219404028096     -0.0002042936957123 HR 
<  23| H |  16>=     -0.0000043749864298     -0.0000031603797600 HR 
<  24| H |  16>=      0.0004877933798587      0.0001388683310691 HR 
<  25| H |  16>=     -0.0000025529608819      0.0000043853125038 HR 
<  26| H |  16>=     -0.0000167277541476      0.0000400527159969 HR 
<  27| H |  16>=      0.0000091292046902     -0.0000118018500369 HR 
<  28| H |  16>=      0.0000009931406267     -0.0000005537184629 HR 
<  29| H |  16>=     -0.0005407421759600     -0.0003430512669772 HR 
<  30| H |  16>=     -0.0003785351556423     -0.0002641458528299 HR 
<  31| H |  16>=     -0.0000434320623558     -0.0000437488498103 HR 
<  32| H |  16>=      0.0001117795572092     -0.0000107940358992 HR 
<  18| H |  17>=      0.0000107394461391      0.0000004814860568 HR 
<  19| H |  17>=     -0.0000383210140336      0.0000307986159258 HR 
<  20| H |  17>=     -0.0003315598966599      0.0000323077017201 HR 
<  21| H |  17>=     -0.0000379358548042     -0.0000057436324895 HR 
<  22| H |  17>=     -0.0005786878165727     -0.0001595068655992 HR 
<  23| H |  17>=     -0.0000057101426061     -0.0000344411231255 HR 
<  24| H |  17>=      0.0003075429444500      0.0000328843610185 HR 
<  25| H |  17>=     -0.0000075857125330     -0.0000037760733400 HR 
<  26| H |  17>=     -0.0000111843556178      0.0001448126555577 HR 
<  27| H |  17>=      0.0000362388542693      0.0000354228669076 HR 
<  28| H |  17>=     -0.0000022780916986     -0.0000008867372933 HR 
<  29| H |  17>=     -0.0005266224238049     -0.0002442826398719 HR 
<  30| H |  17>=     -0.0002838776312829     -0.0000863084984311 HR 
<  31| H |  17>=     -0.0000093855228978     -0.0000238178015954 HR 
<  32| H |  17>=      0.0000257119727563      0.0000009235113455 HR 
<  19| H |  18>=      0.0000154361267981      0.0001802537153914 HR 
<  20| H |  18>=     -0.0000150702376167     -0.0000466261435619 HR 
<  21| H |  18>=     -0.0001365641702611     -0.0000554643238684 HR 
<  22| H |  18>=     -0.0000028116499944      0.0000038780754765 HR 
<  23| H |  18>=      0.0000811046967581      0.0000391242696720 HR 
<  24| H |  18>=     -0.0000061374480377     -0.0000163497770386 HR 
<  25| H |  18>=     -0.0000120692304939     -0.0000439340045552 HR 
<  26| H |  18>=      0.0000097717970397      0.0000048047178653 HR 
<  27| H |  18>=     -0.0000682093599592     -0.0000075276886608 HR 
<  28| H |  18>=      0.0001898122850042     -0.0000126526503914 HR 
<  29| H |  18>=      0.0000052259615051      0.0000092817818109 HR 
<  30| H |  18>=     -0.0000323563175057     -0.0000656538425040 HR 
<  31| H |  18>=      0.0000241128444947      0.0000915984351412 HR 
<  32| H |  18>=      0.0000546333551442     -0.0001504761486567 HR 
<  20| H |  19>=      0.0000667169914201     -0.0000218696733601 HR 
<  21| H |  19>=     -0.0000241007814011     -0.0000756237941731 HR 
<  22| H |  19>=      0.0000290988193094      0.0000226135945700 HR 
<  23| H |  19>=      0.0000238764090818      0.0000333200298087 HR 
<  24| H |  19>=     -0.0000076657385518      0.0000223059939007 HR 
<  25| H |  19>=      0.0000110563860867      0.0000549850445761 HR 
<  26| H |  19>=     -0.0000104227960016     -0.0000234388286400 HR 
<  27| H |  19>=     -0.0001045079334839     -0.0001028481845769 HR 
<  28| H |  19>=      0.0001140638831238      0.0000491979230469 HR 
<  29| H |  19>=      0.0000031627321293     -0.0000310548448846 HR 
<  30| H |  19>=      0.0000040293234925      0.0000106983890385 HR 
<  31| H |  19>=     -0.0000206178724819     -0.0000746618605614 HR 
<  32| H |  19>=      0.0001282299372847     -0.0003879918010654 HR 
<  21| H |  20>=     -0.0000358803973712      0.0000335994201101 HR 
<  22| H |  20>=     -0.0005318644303478     -0.0002273782174118 HR 
<  23| H |  20>=      0.0000174076485339      0.0000325905826257 HR 
<  24| H |  20>=      0.0002681336582115      0.0001246397046610 HR 
<  25| H |  20>=     -0.0000058508919665      0.0000083614547290 HR 
<  26| H |  20>=     -0.0001938726723715     -0.0000484632088185 HR 
<  27| H |  20>=      0.0000036974427827     -0.0000024716826509 HR 
<  28| H |  20>=      0.0000296100356170     -0.0000188866259063 HR 
<  29| H |  20>=     -0.0003548010117862     -0.0003276396228473 HR 
<  30| H |  20>=     -0.0002998374300809     -0.0000381588908125 HR 
<  31| H |  20>=     -0.0000042522490561      0.0001089387856029 HR 
<  32| H |  20>=      0.0000493412562605     -0.0004063034249632 HR 
<  22| H |  21>=      0.0000338730288207     -0.0000290807279411 HR 
<  23| H |  21>=      0.0007146810333557      0.0002383858677225 HR 
<  24| H |  21>=     -0.0000260953899553      0.0000104010922562 HR 
<  25| H |  21>=     -0.0004804167369665     -0.0001530865421198 HR 
<  26| H |  21>=      0.0000031232784782     -0.0000171207910876 HR 
<  27| H |  21>=     -0.0004914775878555     -0.0003748065022438 HR 
<  28| H |  21>=     -0.0001338555027403      0.0001768138770583 HR 
<  29| H |  21>=     -0.0000531552025474      0.0000017865761273 HR 
<  30| H |  21>=     -0.0000072738498554     -0.0000164753492707 HR 
<  31| H |  21>=     -0.0009453960175856     -0.0003554545392908 HR 
<  32| H |  21>=     -0.0010430205607387     -0.0000410485848148 HR 
<  23| H |  22>=      0.0000453767988891     -0.0000230957429829 HR 
<  24| H |  22>=      0.0005436595855154      0.0001784897011631 HR 
<  25| H |  22>=     -0.0000156319729190      0.0000092129445294 HR 
<  26| H |  22>=      0.0001189026467333     -0.0000663796979986 HR 
<  27| H |  22>=      0.0000664498861370      0.0000068048683779 HR 
<  28| H |  22>=     -0.0000203741870411     -0.0000103916377634 HR 
<  29| H |  22>=     -0.0009772256571114     -0.0000079720437295 HR 
<  30| H |  22>=     -0.0004882292128901     -0.0001811114981423 HR 
<  31| H |  22>=     -0.0000309691194723      0.0000008412149844 HR 
<  32| H |  22>=      0.0000285703153606      0.0000511646204664 HR 
<  24| H |  23>=      0.0000554967454541     -0.0000311659269552 HR 
<  25| H |  23>=      0.0002080089949123      0.0000614048726714 HR 
<  26| H |  23>=      0.0000832306101944      0.0000280158925600 HR 
<  27| H |  23>=      0.0003157551373504      0.0000819339599869 HR 
<  28| H |  23>=     -0.0001112342207773      0.0002793872138567 HR 
<  29| H |  23>=      0.0000294638383452      0.0000070883935890 HR 
<  30| H |  23>=      0.0000001802741129      0.0000011422914655 HR 
<  31| H |  23>=      0.0003932091021770      0.0002981207918871 HR 
<  32| H |  23>=      0.0004469112746431     -0.0000003008607350 HR 
<  25| H |  24>=      0.0000507070539476     -0.0000440750080002 HR 
<  26| H |  24>=     -0.0000897826141253      0.0000620085939163 HR 
<  27| H |  24>=      0.0000382118130920      0.0000240567410031 HR 
<  28| H |  24>=      0.0000670121163989      0.0000304807640684 HR 
<  29| H |  24>=      0.0003412512658735      0.0002416228616284 HR 
<  30| H |  24>=      0.0001561452804070      0.0002543557300426 HR 
<  31| H |  24>=      0.0001093716370998      0.0000122729604325 HR 
<  32| H |  24>=     -0.0000313026781918     -0.0000445121800857 HR 
<  26| H |  25>=     -0.0000083208399272      0.0000018604451120 HR 
<  27| H |  25>=     -0.0002802697156347     -0.0000644150839626 HR 
<  28| H |  25>=     -0.0001023479685905      0.0000964420468448 HR 
<  29| H |  25>=     -0.0000001377898989      0.0000211187836104 HR 
<  30| H |  25>=      0.0001679584181234     -0.0000118567706661 HR 
<  31| H |  25>=     -0.0003184688270181      0.0003261684536184 HR 
<  32| H |  25>=     -0.0002924054695905     -0.0002656676637838 HR 
<  27| H |  26>=      0.0000945807554063     -0.0000026001656627 HR 
<  28| H |  26>=     -0.0000302434581134     -0.0000529013717794 HR 
<  29| H |  26>=      0.0001053269936216      0.0001032922436241 HR 
<  30| H |  26>=     -0.0000247872832885     -0.0000542677452154 HR 
<  31| H |  26>=     -0.0000150745721777     -0.0000453282699458 HR 
<  32| H |  26>=      0.0001346932668392      0.0003360884429741 HR 
<  28| H |  27>=     -0.0000447569882048     -0.0000946053492227 HR 
<  29| H |  27>=     -0.0000363752224739     -0.0000457230147080 HR 
<  30| H |  27>=     -0.0000032659242738     -0.0000041229417524 HR 
<  31| H |  27>=     -0.0006895230208861     -0.0001210698578401 HR 
<  32| H |  27>=     -0.0003573140377715      0.0001178068143894 HR 
<  29| H |  28>=      0.0000926890187646     -0.0000013341158762 HR 
<  30| H |  28>=      0.0000040113381355     -0.0000044496251595 HR 
<  31| H |  28>=     -0.0004767160708420      0.0000823838318008 HR 
<  32| H |  28>=     -0.0001250884491883     -0.0001571022278550 HR 
<  30| H |  29>=     -0.0007210945216094     -0.0001676385442177 HR 
<  31| H |  29>=      0.0000264537791293     -0.0000111975964721 HR 
<  32| H |  29>=      0.0000408182000063      0.0001830668518763 HR 
<  31| H |  30>=     -0.0001049051033610      0.0000535382586891 HR 
<  32| H |  30>=      0.0002086232774248     -0.0000471016583860 HR 
<  32| H |  31>=     -0.0005465705392682     -0.0002340475536715 HR 
                       ****  CPU TIME AFT FRPRMN: 2867084.2966550 SEC



 Time (fsec) =     0.0193600000000000

  ****  expectation values (eV) *** 
  ***  for            1 -th k-point
     -0.11901203D+02     -0.11695020D+02     -0.11358489D+02     -0.10905497D+02
     -0.10358903D+02     -0.98345962D+01     -0.74223693D+01     -0.69405013D+01
     -0.61846779D+01     -0.54804349D+01     -0.49365772D+01     -0.46848548D+01
     -0.45270942D+01     -0.42141703D+01     -0.39416527D+01     -0.36175165D+01
     -0.30485327D+01     -0.30511547D+01     -0.28705812D+01     -0.25975344D+01
     -0.24664739D+01     -0.22495578D+01     -0.18771190D+01     -0.17822938D+01
     -0.16004367D+01      0.46630993D+00      0.68094712D+00      0.94028060D+00
      0.13355941D+01      0.14463217D+01      0.17831994D+01      0.22746570D+01
  ***  for            2 -th k-point
     -0.10569970D+02     -0.10389261D+02     -0.10096036D+02     -0.97058153D+01
     -0.92352921D+01     -0.87351319D+01     -0.82714475D+01     -0.77842589D+01
     -0.73886709D+01     -0.70438436D+01     -0.66981310D+01     -0.63938100D+01
     -0.49566963D+01     -0.48849921D+01     -0.48007705D+01     -0.45330600D+01
     -0.44662048D+01     -0.44022743D+01     -0.41177849D+01     -0.39722028D+01
     -0.37811105D+01     -0.33626682D+01     -0.30982046D+01     -0.27746885D+01
     -0.23155525D+01      0.10775072D+01      0.10886458D+01      0.19047987D+01
      0.19329455D+01      0.20710970D+01      0.28845430D+01      0.30228475D+01

            ** EWALDY: IMX JMX KMX =    12   12    2
 GCUT=   5468.7500000 NG=     681 NG EFFICIENT=    150.7964630
  IMAX=          11  JMAX=          11  KMAX=           1
                                      *** NONLOCF: EBND =  -0.10779D+02
                       ****  ELECTF: AFTER       2867084.3882770 SEC


  ****** TOTAL ENERGY: ETOT   =    -0.4877395620D+02  HR
                                   -0.9754791241D+02  RYD

  ******                ESELF =     0.5052927104D+01  HR
  ******                 EWA  =     0.1842936353D+03  HR
  ******               ELOCAL =    -0.4877366843D+03  HR
  ******                 EXC  =    -0.1494483844D+02  HR
  ******                 EH   =     0.2318835011D+03  HR
  ******                EKINE =     0.2055592895D+02  HR
  ******                 ENL  =     0.1212157406D+02  HR


 current J(a.u.) =      0.0000000000000000      0.0000000000000000      0.0000000000000000

  ******  TOTAL FORCE: NEGATIVE  (HARTREE/AU):
                 1     -0.0039926      0.0032610      0.0020419
                 2     -0.0057274      0.0031679     -0.0001264
                 3     -0.0037711      0.0031050      0.0003120
                 4     -0.0055956      0.0032917      0.0000179
                 5     -0.0038182      0.0035152      0.0025634
                 6     -0.0065176      0.0032223      0.0055792
                 7     -0.0058319      0.0031624     -0.0010153
                 8     -0.0040880      0.0032243      0.0011508
                 9     -0.0057331      0.0032183      0.0006049
                10     -0.0042314      0.0031777      0.0007716
                11     -0.0060034      0.0035331     -0.0014767
                12     -0.0024456      0.0030187     -0.0050778
                13     -0.0007676      0.0001480     -0.0103887
                14      0.0001771     -0.0001716      0.0103159
  
  force by Ext-field
  tau =            1
   -0.0022020965179250   -0.0000000000000000   -0.0000000000000000
  tau =            2
   -0.0022020965179250   -0.0000000000000000   -0.0000000000000000
  tau =            3
   -0.0022020965179250   -0.0000000000000000   -0.0000000000000000
  tau =            4
   -0.0022020965179250   -0.0000000000000000   -0.0000000000000000
  tau =            5
   -0.0022020965179250   -0.0000000000000000   -0.0000000000000000
  tau =            6
   -0.0022020965179250   -0.0000000000000000   -0.0000000000000000
  tau =            7
   -0.0022020965179250   -0.0000000000000000   -0.0000000000000000
  tau =            8
   -0.0022020965179250   -0.0000000000000000   -0.0000000000000000
  tau =            9
   -0.0022020965179250   -0.0000000000000000   -0.0000000000000000
  tau =           10
   -0.0022020965179250   -0.0000000000000000   -0.0000000000000000
  tau =           11
   -0.0022020965179250   -0.0000000000000000   -0.0000000000000000
  tau =           12
   -0.0022020965179250   -0.0000000000000000   -0.0000000000000000
  tau =           13
   -0.0005505241294813   -0.0000000000000000   -0.0000000000000000
  tau =           14
   -0.0005505241294813   -0.0000000000000000   -0.0000000000000000
  E-field
   -0.0282972546461585   -0.0000000000000000   -0.0000000000000000
  A-vector
   -0.0003065409798654    0.0000000000000000    0.0000000000000000
  Total energy for electron and nuclei (HR)
 Eelec       =  -0.487739562027D+02
 Enucl       =   0.273415623101D-07
 Eext        =   0.000000000000D+00
 Eelec+Enucl-Eext-Ework=  -0.487752426277D+02
 Time (fsec) =     0.0193600000000000
  Positions 
   -0.0000000006856414   -0.0000000012053509    0.0380725994550393   TAU(   1)
    0.3333333322633208    0.3333333319049528    0.0628830683694479   TAU(   2)
    0.3333333324739208    0.3333333321898050    0.1388370510384061   TAU(   3)
   -0.3333333343918362   -0.3333333349069054    0.1638618412346370   TAU(   4)
   -0.3333333340875246   -0.3333333345818005    0.2398223877243286   TAU(   5)
   -0.0000000003873986   -0.0000000009734909    0.2642651901132430   TAU(   6)
   -0.0000000010529352   -0.0000000013573263   -0.0380725994736460   TAU(   7)
   -0.3333333340078669   -0.3333333344603008   -0.0628830683885062   TAU(   8)
   -0.3333333342867569   -0.3333333347710607   -0.1388370510539612   TAU(   9)
    0.3333333326670098    0.3333333323471350   -0.1638618412510169   TAU(  10)
    0.3333333324657666    0.3333333319473809   -0.2398223877483757   TAU(  11)
   -0.0000000014081584   -0.0000000016006491   -0.2642651901203526   TAU(  12)
    0.0000000024515244   -0.0000000050624687    0.3131888363278733   TAU(  13)
   -0.0000000197901181   -0.0000000098158468   -0.3131888362840403   TAU(  14)
  Velocities
   -0.0000000169413653   -0.0000000171088813   -0.0000000247085467   TAU(   1)
   -0.0000000150277225   -0.0000000156409034    0.0000000058719048   TAU(   2)
   -0.0000000193106562   -0.0000000148469110   -0.0000000004266223   TAU(   3)
   -0.0000000171013612   -0.0000000172150444    0.0000000013324313   TAU(   4)
   -0.0000000187758174   -0.0000000181432147   -0.0000000281753008   TAU(   5)
    0.0000000013761092   -0.0000000173575176   -0.0000001173040678   TAU(   6)
   -0.0000000135804338   -0.0000000152762166    0.0000000180189503   TAU(   7)
   -0.0000000155075656   -0.0000000165027211   -0.0000000126187281   TAU(   8)
   -0.0000000139112302   -0.0000000166453218   -0.0000000053934765   TAU(   9)
   -0.0000000131489111   -0.0000000154468232   -0.0000000067782145   TAU(  10)
   -0.0000000110489345   -0.0000000183753238    0.0000000204608580   TAU(  11)
   -0.0000000363128114   -0.0000000139074055    0.0000001143248194   TAU(  12)
   -0.0000000167296460   -0.0000000640440680    0.0000037862992654   TAU(  13)
   -0.0000004324619593    0.0000000889214982   -0.0000037719877822   TAU(  14)
     2 steps took   0.121374209998D+02 sec 



                       ****  CPU TIME END OF PSPW:2867084.3968670 SEC



 FPSEID_PROFILE_BEGIN
  id label                    count      max_rank_sec       avg_rank_sec
  1 time_step_total                   3          12.427678          12.427678
  2 g_vector_update                   3           0.000546           0.000546
  3 ion_md                            3           0.000002           0.000002
  4 frprmn                            3          12.149675          12.149675
  5 electf_force                      3           0.276112           0.276112
  6 force_energy_update               3           0.000003           0.000003
  7 prenon                            1           0.167556           0.167556
  8 tmevl_total                      18           8.886564           8.886564
  9 tmevl_exkin                     180           1.497501           1.497501
 10 tmevl_s2                         90           4.883973           4.883973
 11 s2_nonlocal                     180           2.105035           2.105035
 12 s2_fft_local                     90           2.778910           2.778910
 13 tmevl_expectation                18           1.177167           1.177167
 14 fft_wrapper                    8769           2.691144           2.691144
 FPSEID_PROFILE_END

